country,subnational1,driver,year,tree_cover_loss_ha
Indonesia,Aceh,Hard commodities,2001,86
Indonesia,Aceh,Logging,2001,1074
Indonesia,Aceh,Other natural disturbances,2001,153
Indonesia,Aceh,Permanent agriculture,2001,14308
Indonesia,Aceh,Settlements & Infrastructure,2001,54
Indonesia,Aceh,Shifting cultivation,2001,2503
Indonesia,Aceh,Wildfire,2001,35
Indonesia,Aceh,Hard commodities,2002,79
Indonesia,Aceh,Logging,2002,692
Indonesia,Aceh,Other natural disturbances,2002,100
Indonesia,Aceh,Permanent agriculture,2002,8240
Indonesia,Aceh,Settlements & Infrastructure,2002,26
Indonesia,Aceh,Shifting cultivation,2002,1741
Indonesia,Aceh,Wildfire,2002,30
Indonesia,Aceh,Hard commodities,2003,26
Indonesia,Aceh,Logging,2003,3003
Indonesia,Aceh,Other natural disturbances,2003,189
Indonesia,Aceh,Permanent agriculture,2003,7540
Indonesia,Aceh,Settlements & Infrastructure,2003,34
Indonesia,Aceh,Shifting cultivation,2003,965
Indonesia,Aceh,Wildfire,2003,9
Indonesia,Aceh,Hard commodities,2004,34
Indonesia,Aceh,Logging,2004,374
Indonesia,Aceh,Other natural disturbances,2004,246
Indonesia,Aceh,Permanent agriculture,2004,16895
Indonesia,Aceh,Settlements & Infrastructure,2004,229
Indonesia,Aceh,Shifting cultivation,2004,1271
Indonesia,Aceh,Wildfire,2004,14
Indonesia,Aceh,Hard commodities,2005,16
Indonesia,Aceh,Logging,2005,389
Indonesia,Aceh,Other natural disturbances,2005,446
Indonesia,Aceh,Permanent agriculture,2005,24043
Indonesia,Aceh,Settlements & Infrastructure,2005,206
Indonesia,Aceh,Shifting cultivation,2005,1278
Indonesia,Aceh,Wildfire,2005,20
Indonesia,Aceh,Hard commodities,2006,72
Indonesia,Aceh,Logging,2006,308
Indonesia,Aceh,Other natural disturbances,2006,296
Indonesia,Aceh,Permanent agriculture,2006,18667
Indonesia,Aceh,Settlements & Infrastructure,2006,108
Indonesia,Aceh,Shifting cultivation,2006,1753
Indonesia,Aceh,Wildfire,2006,28
Indonesia,Aceh,Hard commodities,2007,82
Indonesia,Aceh,Logging,2007,504
Indonesia,Aceh,Other natural disturbances,2007,1134
Indonesia,Aceh,Permanent agriculture,2007,19388
Indonesia,Aceh,Settlements & Infrastructure,2007,94
Indonesia,Aceh,Shifting cultivation,2007,2874
Indonesia,Aceh,Wildfire,2007,23
Indonesia,Aceh,Hard commodities,2008,194
Indonesia,Aceh,Logging,2008,559
Indonesia,Aceh,Other natural disturbances,2008,192
Indonesia,Aceh,Permanent agriculture,2008,33382
Indonesia,Aceh,Settlements & Infrastructure,2008,59
Indonesia,Aceh,Shifting cultivation,2008,2208
Indonesia,Aceh,Wildfire,2008,110
Indonesia,Aceh,Hard commodities,2009,191
Indonesia,Aceh,Logging,2009,1391
Indonesia,Aceh,Other natural disturbances,2009,458
Indonesia,Aceh,Permanent agriculture,2009,62500
Indonesia,Aceh,Settlements & Infrastructure,2009,220
Indonesia,Aceh,Shifting cultivation,2009,4069
Indonesia,Aceh,Wildfire,2009,177
Indonesia,Aceh,Hard commodities,2010,110
Indonesia,Aceh,Logging,2010,447
Indonesia,Aceh,Other natural disturbances,2010,262
Indonesia,Aceh,Permanent agriculture,2010,37077
Indonesia,Aceh,Settlements & Infrastructure,2010,76
Indonesia,Aceh,Shifting cultivation,2010,2698
Indonesia,Aceh,Wildfire,2010,33
Indonesia,Aceh,Hard commodities,2011,237
Indonesia,Aceh,Logging,2011,626
Indonesia,Aceh,Other natural disturbances,2011,212
Indonesia,Aceh,Permanent agriculture,2011,43903
Indonesia,Aceh,Settlements & Infrastructure,2011,115
Indonesia,Aceh,Shifting cultivation,2011,2026
Indonesia,Aceh,Wildfire,2011,285
Indonesia,Aceh,Hard commodities,2012,168
Indonesia,Aceh,Logging,2012,493
Indonesia,Aceh,Other natural disturbances,2012,226
Indonesia,Aceh,Permanent agriculture,2012,45921
Indonesia,Aceh,Settlements & Infrastructure,2012,79
Indonesia,Aceh,Shifting cultivation,2012,1983
Indonesia,Aceh,Wildfire,2012,411
Indonesia,Aceh,Hard commodities,2013,188
Indonesia,Aceh,Logging,2013,669
Indonesia,Aceh,Other natural disturbances,2013,174
Indonesia,Aceh,Permanent agriculture,2013,37522
Indonesia,Aceh,Settlements & Infrastructure,2013,20
Indonesia,Aceh,Shifting cultivation,2013,2182
Indonesia,Aceh,Wildfire,2013,573
Indonesia,Aceh,Hard commodities,2014,268
Indonesia,Aceh,Logging,2014,1069
Indonesia,Aceh,Other natural disturbances,2014,464
Indonesia,Aceh,Permanent agriculture,2014,51840
Indonesia,Aceh,Settlements & Infrastructure,2014,88
Indonesia,Aceh,Shifting cultivation,2014,3898
Indonesia,Aceh,Wildfire,2014,826
Indonesia,Aceh,Hard commodities,2015,135
Indonesia,Aceh,Logging,2015,1133
Indonesia,Aceh,Other natural disturbances,2015,670
Indonesia,Aceh,Permanent agriculture,2015,29221
Indonesia,Aceh,Settlements & Infrastructure,2015,42
Indonesia,Aceh,Shifting cultivation,2015,2577
Indonesia,Aceh,Wildfire,2015,111
Indonesia,Aceh,Hard commodities,2016,370
Indonesia,Aceh,Logging,2016,1304
Indonesia,Aceh,Other natural disturbances,2016,855
Indonesia,Aceh,Permanent agriculture,2016,42401
Indonesia,Aceh,Settlements & Infrastructure,2016,100
Indonesia,Aceh,Shifting cultivation,2016,4855
Indonesia,Aceh,Wildfire,2016,67
Indonesia,Aceh,Hard commodities,2017,921
Indonesia,Aceh,Logging,2017,1131
Indonesia,Aceh,Other natural disturbances,2017,1257
Indonesia,Aceh,Permanent agriculture,2017,37860
Indonesia,Aceh,Settlements & Infrastructure,2017,112
Indonesia,Aceh,Shifting cultivation,2017,4160
Indonesia,Aceh,Wildfire,2017,189
Indonesia,Aceh,Hard commodities,2018,400
Indonesia,Aceh,Logging,2018,1470
Indonesia,Aceh,Other natural disturbances,2018,566
Indonesia,Aceh,Permanent agriculture,2018,39084
Indonesia,Aceh,Settlements & Infrastructure,2018,108
Indonesia,Aceh,Shifting cultivation,2018,4209
Indonesia,Aceh,Wildfire,2018,233
Indonesia,Aceh,Hard commodities,2019,559
Indonesia,Aceh,Logging,2019,1108
Indonesia,Aceh,Other natural disturbances,2019,320
Indonesia,Aceh,Permanent agriculture,2019,23195
Indonesia,Aceh,Settlements & Infrastructure,2019,136
Indonesia,Aceh,Shifting cultivation,2019,3197
Indonesia,Aceh,Wildfire,2019,12
Indonesia,Aceh,Hard commodities,2020,448
Indonesia,Aceh,Logging,2020,905
Indonesia,Aceh,Other natural disturbances,2020,397
Indonesia,Aceh,Permanent agriculture,2020,25103
Indonesia,Aceh,Settlements & Infrastructure,2020,107
Indonesia,Aceh,Shifting cultivation,2020,3205
Indonesia,Aceh,Wildfire,2020,21
Indonesia,Aceh,Hard commodities,2021,1157
Indonesia,Aceh,Logging,2021,523
Indonesia,Aceh,Other natural disturbances,2021,538
Indonesia,Aceh,Permanent agriculture,2021,26303
Indonesia,Aceh,Settlements & Infrastructure,2021,63
Indonesia,Aceh,Shifting cultivation,2021,3113
Indonesia,Aceh,Wildfire,2021,39
Indonesia,Aceh,Hard commodities,2022,1226
Indonesia,Aceh,Logging,2022,739
Indonesia,Aceh,Other natural disturbances,2022,454
Indonesia,Aceh,Permanent agriculture,2022,25181
Indonesia,Aceh,Settlements & Infrastructure,2022,75
Indonesia,Aceh,Shifting cultivation,2022,1972
Indonesia,Aceh,Wildfire,2022,88
Indonesia,Aceh,Hard commodities,2023,984
Indonesia,Aceh,Logging,2023,1790
Indonesia,Aceh,Other natural disturbances,2023,452
Indonesia,Aceh,Permanent agriculture,2023,33351
Indonesia,Aceh,Settlements & Infrastructure,2023,69
Indonesia,Aceh,Shifting cultivation,2023,2209
Indonesia,Aceh,Wildfire,2023,110
Indonesia,Aceh,Hard commodities,2024,1392
Indonesia,Aceh,Logging,2024,2754
Indonesia,Aceh,Other natural disturbances,2024,499
Indonesia,Aceh,Permanent agriculture,2024,38075
Indonesia,Aceh,Settlements & Infrastructure,2024,80
Indonesia,Aceh,Shifting cultivation,2024,2895
Indonesia,Aceh,Wildfire,2024,331
Indonesia,Aceh,Hard commodities,2025,1267
Indonesia,Aceh,Logging,2025,4832
Indonesia,Aceh,Other natural disturbances,2025,3487
Indonesia,Aceh,Permanent agriculture,2025,44071
Indonesia,Aceh,Settlements & Infrastructure,2025,99
Indonesia,Aceh,Shifting cultivation,2025,5568
Indonesia,Aceh,Wildfire,2025,650
Indonesia,Bali,Logging,2001,10
Indonesia,Bali,Other natural disturbances,2001,17
Indonesia,Bali,Permanent agriculture,2001,318
Indonesia,Bali,Settlements & Infrastructure,2001,24
Indonesia,Bali,Shifting cultivation,2001,34
Indonesia,Bali,Logging,2002,10
Indonesia,Bali,Other natural disturbances,2002,27
Indonesia,Bali,Permanent agriculture,2002,214
Indonesia,Bali,Settlements & Infrastructure,2002,16
Indonesia,Bali,Shifting cultivation,2002,32
Indonesia,Bali,Logging,2003,13
Indonesia,Bali,Other natural disturbances,2003,17
Indonesia,Bali,Permanent agriculture,2003,103
Indonesia,Bali,Settlements & Infrastructure,2003,5
Indonesia,Bali,Shifting cultivation,2003,33
Indonesia,Bali,Hard commodities,2004,0
Indonesia,Bali,Logging,2004,15
Indonesia,Bali,Other natural disturbances,2004,26
Indonesia,Bali,Permanent agriculture,2004,248
Indonesia,Bali,Settlements & Infrastructure,2004,29
Indonesia,Bali,Shifting cultivation,2004,24
Indonesia,Bali,Wildfire,2004,7
Indonesia,Bali,Logging,2005,8
Indonesia,Bali,Other natural disturbances,2005,22
Indonesia,Bali,Permanent agriculture,2005,144
Indonesia,Bali,Settlements & Infrastructure,2005,22
Indonesia,Bali,Shifting cultivation,2005,27
Indonesia,Bali,Logging,2006,10
Indonesia,Bali,Other natural disturbances,2006,35
Indonesia,Bali,Permanent agriculture,2006,373
Indonesia,Bali,Settlements & Infrastructure,2006,31
Indonesia,Bali,Shifting cultivation,2006,46
Indonesia,Bali,Hard commodities,2007,0
Indonesia,Bali,Logging,2007,24
Indonesia,Bali,Other natural disturbances,2007,24
Indonesia,Bali,Permanent agriculture,2007,382
Indonesia,Bali,Settlements & Infrastructure,2007,20
Indonesia,Bali,Shifting cultivation,2007,35
Indonesia,Bali,Logging,2008,12
Indonesia,Bali,Other natural disturbances,2008,16
Indonesia,Bali,Permanent agriculture,2008,147
Indonesia,Bali,Settlements & Infrastructure,2008,22
Indonesia,Bali,Shifting cultivation,2008,21
Indonesia,Bali,Hard commodities,2009,0
Indonesia,Bali,Logging,2009,12
Indonesia,Bali,Other natural disturbances,2009,23
Indonesia,Bali,Permanent agriculture,2009,240
Indonesia,Bali,Settlements & Infrastructure,2009,52
Indonesia,Bali,Shifting cultivation,2009,30
Indonesia,Bali,Logging,2010,9
Indonesia,Bali,Other natural disturbances,2010,14
Indonesia,Bali,Permanent agriculture,2010,121
Indonesia,Bali,Settlements & Infrastructure,2010,21
Indonesia,Bali,Shifting cultivation,2010,16
Indonesia,Bali,Hard commodities,2011,0
Indonesia,Bali,Logging,2011,10
Indonesia,Bali,Other natural disturbances,2011,16
Indonesia,Bali,Permanent agriculture,2011,140
Indonesia,Bali,Settlements & Infrastructure,2011,19
Indonesia,Bali,Shifting cultivation,2011,15
Indonesia,Bali,Logging,2012,20
Indonesia,Bali,Other natural disturbances,2012,43
Indonesia,Bali,Permanent agriculture,2012,520
Indonesia,Bali,Settlements & Infrastructure,2012,74
Indonesia,Bali,Shifting cultivation,2012,34
Indonesia,Bali,Wildfire,2012,0
Indonesia,Bali,Hard commodities,2013,0
Indonesia,Bali,Logging,2013,18
Indonesia,Bali,Other natural disturbances,2013,8
Indonesia,Bali,Permanent agriculture,2013,323
Indonesia,Bali,Settlements & Infrastructure,2013,15
Indonesia,Bali,Shifting cultivation,2013,21
Indonesia,Bali,Hard commodities,2014,0
Indonesia,Bali,Logging,2014,20
Indonesia,Bali,Other natural disturbances,2014,13
Indonesia,Bali,Permanent agriculture,2014,761
Indonesia,Bali,Settlements & Infrastructure,2014,64
Indonesia,Bali,Shifting cultivation,2014,39
Indonesia,Bali,Hard commodities,2015,1
Indonesia,Bali,Logging,2015,4
Indonesia,Bali,Other natural disturbances,2015,3
Indonesia,Bali,Permanent agriculture,2015,114
Indonesia,Bali,Settlements & Infrastructure,2015,3
Indonesia,Bali,Shifting cultivation,2015,3
Indonesia,Bali,Hard commodities,2016,0
Indonesia,Bali,Logging,2016,1
Indonesia,Bali,Other natural disturbances,2016,30
Indonesia,Bali,Permanent agriculture,2016,98
Indonesia,Bali,Settlements & Infrastructure,2016,11
Indonesia,Bali,Shifting cultivation,2016,11
Indonesia,Bali,Hard commodities,2017,0
Indonesia,Bali,Logging,2017,2
Indonesia,Bali,Other natural disturbances,2017,12
Indonesia,Bali,Permanent agriculture,2017,208
Indonesia,Bali,Settlements & Infrastructure,2017,23
Indonesia,Bali,Shifting cultivation,2017,9
Indonesia,Bali,Hard commodities,2018,0
Indonesia,Bali,Logging,2018,10
Indonesia,Bali,Other natural disturbances,2018,67
Indonesia,Bali,Permanent agriculture,2018,161
Indonesia,Bali,Settlements & Infrastructure,2018,16
Indonesia,Bali,Shifting cultivation,2018,16
Indonesia,Bali,Wildfire,2018,29
Indonesia,Bali,Hard commodities,2019,1
Indonesia,Bali,Logging,2019,4
Indonesia,Bali,Other natural disturbances,2019,10
Indonesia,Bali,Permanent agriculture,2019,648
Indonesia,Bali,Settlements & Infrastructure,2019,24
Indonesia,Bali,Shifting cultivation,2019,13
Indonesia,Bali,Hard commodities,2020,1
Indonesia,Bali,Logging,2020,3
Indonesia,Bali,Other natural disturbances,2020,15
Indonesia,Bali,Permanent agriculture,2020,115
Indonesia,Bali,Settlements & Infrastructure,2020,6
Indonesia,Bali,Shifting cultivation,2020,21
Indonesia,Bali,Hard commodities,2021,1
Indonesia,Bali,Logging,2021,6
Indonesia,Bali,Other natural disturbances,2021,15
Indonesia,Bali,Permanent agriculture,2021,147
Indonesia,Bali,Settlements & Infrastructure,2021,15
Indonesia,Bali,Shifting cultivation,2021,11
Indonesia,Bali,Hard commodities,2022,3
Indonesia,Bali,Logging,2022,2
Indonesia,Bali,Other natural disturbances,2022,26
Indonesia,Bali,Permanent agriculture,2022,193
Indonesia,Bali,Settlements & Infrastructure,2022,13
Indonesia,Bali,Shifting cultivation,2022,18
Indonesia,Bali,Hard commodities,2023,3
Indonesia,Bali,Logging,2023,5
Indonesia,Bali,Other natural disturbances,2023,8
Indonesia,Bali,Permanent agriculture,2023,485
Indonesia,Bali,Settlements & Infrastructure,2023,43
Indonesia,Bali,Shifting cultivation,2023,9
Indonesia,Bali,Hard commodities,2024,0
Indonesia,Bali,Logging,2024,4
Indonesia,Bali,Other natural disturbances,2024,0
Indonesia,Bali,Permanent agriculture,2024,137
Indonesia,Bali,Settlements & Infrastructure,2024,18
Indonesia,Bali,Shifting cultivation,2024,7
Indonesia,Bali,Hard commodities,2025,5
Indonesia,Bali,Logging,2025,11
Indonesia,Bali,Other natural disturbances,2025,31
Indonesia,Bali,Permanent agriculture,2025,222
Indonesia,Bali,Settlements & Infrastructure,2025,19
Indonesia,Bali,Shifting cultivation,2025,21
Indonesia,Bangka Belitung,Hard commodities,2001,202
Indonesia,Bangka Belitung,Logging,2001,62
Indonesia,Bangka Belitung,Other natural disturbances,2001,10
Indonesia,Bangka Belitung,Permanent agriculture,2001,13212
Indonesia,Bangka Belitung,Settlements & Infrastructure,2001,58
Indonesia,Bangka Belitung,Shifting cultivation,2001,173
Indonesia,Bangka Belitung,Wildfire,2001,190
Indonesia,Bangka Belitung,Hard commodities,2002,234
Indonesia,Bangka Belitung,Logging,2002,38
Indonesia,Bangka Belitung,Other natural disturbances,2002,12
Indonesia,Bangka Belitung,Permanent agriculture,2002,10507
Indonesia,Bangka Belitung,Settlements & Infrastructure,2002,72
Indonesia,Bangka Belitung,Shifting cultivation,2002,159
Indonesia,Bangka Belitung,Wildfire,2002,223
Indonesia,Bangka Belitung,Hard commodities,2003,125
Indonesia,Bangka Belitung,Logging,2003,26
Indonesia,Bangka Belitung,Other natural disturbances,2003,5
Indonesia,Bangka Belitung,Permanent agriculture,2003,6764
Indonesia,Bangka Belitung,Settlements & Infrastructure,2003,46
Indonesia,Bangka Belitung,Shifting cultivation,2003,40
Indonesia,Bangka Belitung,Wildfire,2003,116
Indonesia,Bangka Belitung,Hard commodities,2004,872
Indonesia,Bangka Belitung,Logging,2004,158
Indonesia,Bangka Belitung,Other natural disturbances,2004,32
Indonesia,Bangka Belitung,Permanent agriculture,2004,20151
Indonesia,Bangka Belitung,Settlements & Infrastructure,2004,131
Indonesia,Bangka Belitung,Shifting cultivation,2004,311
Indonesia,Bangka Belitung,Wildfire,2004,317
Indonesia,Bangka Belitung,Hard commodities,2005,977
Indonesia,Bangka Belitung,Logging,2005,35
Indonesia,Bangka Belitung,Other natural disturbances,2005,31
Indonesia,Bangka Belitung,Permanent agriculture,2005,18179
Indonesia,Bangka Belitung,Settlements & Infrastructure,2005,309
Indonesia,Bangka Belitung,Shifting cultivation,2005,90
Indonesia,Bangka Belitung,Wildfire,2005,216
Indonesia,Bangka Belitung,Hard commodities,2006,1881
Indonesia,Bangka Belitung,Logging,2006,52
Indonesia,Bangka Belitung,Other natural disturbances,2006,75
Indonesia,Bangka Belitung,Permanent agriculture,2006,17610
Indonesia,Bangka Belitung,Settlements & Infrastructure,2006,229
Indonesia,Bangka Belitung,Shifting cultivation,2006,102
Indonesia,Bangka Belitung,Wildfire,2006,288
Indonesia,Bangka Belitung,Hard commodities,2007,562
Indonesia,Bangka Belitung,Logging,2007,40
Indonesia,Bangka Belitung,Other natural disturbances,2007,24
Indonesia,Bangka Belitung,Permanent agriculture,2007,21970
Indonesia,Bangka Belitung,Settlements & Infrastructure,2007,165
Indonesia,Bangka Belitung,Shifting cultivation,2007,83
Indonesia,Bangka Belitung,Wildfire,2007,391
Indonesia,Bangka Belitung,Hard commodities,2008,785
Indonesia,Bangka Belitung,Logging,2008,18
Indonesia,Bangka Belitung,Other natural disturbances,2008,4
Indonesia,Bangka Belitung,Permanent agriculture,2008,21402
Indonesia,Bangka Belitung,Settlements & Infrastructure,2008,174
Indonesia,Bangka Belitung,Shifting cultivation,2008,59
Indonesia,Bangka Belitung,Wildfire,2008,233
Indonesia,Bangka Belitung,Hard commodities,2009,2850
Indonesia,Bangka Belitung,Logging,2009,74
Indonesia,Bangka Belitung,Other natural disturbances,2009,64
Indonesia,Bangka Belitung,Permanent agriculture,2009,59565
Indonesia,Bangka Belitung,Settlements & Infrastructure,2009,457
Indonesia,Bangka Belitung,Shifting cultivation,2009,262
Indonesia,Bangka Belitung,Wildfire,2009,614
Indonesia,Bangka Belitung,Hard commodities,2010,873
Indonesia,Bangka Belitung,Logging,2010,12
Indonesia,Bangka Belitung,Other natural disturbances,2010,6
Indonesia,Bangka Belitung,Permanent agriculture,2010,21921
Indonesia,Bangka Belitung,Settlements & Infrastructure,2010,146
Indonesia,Bangka Belitung,Shifting cultivation,2010,65
Indonesia,Bangka Belitung,Wildfire,2010,163
Indonesia,Bangka Belitung,Hard commodities,2011,1868
Indonesia,Bangka Belitung,Logging,2011,23
Indonesia,Bangka Belitung,Other natural disturbances,2011,22
Indonesia,Bangka Belitung,Permanent agriculture,2011,29940
Indonesia,Bangka Belitung,Settlements & Infrastructure,2011,269
Indonesia,Bangka Belitung,Shifting cultivation,2011,95
Indonesia,Bangka Belitung,Wildfire,2011,180
Indonesia,Bangka Belitung,Hard commodities,2012,1913
Indonesia,Bangka Belitung,Logging,2012,73
Indonesia,Bangka Belitung,Other natural disturbances,2012,51
Indonesia,Bangka Belitung,Permanent agriculture,2012,36291
Indonesia,Bangka Belitung,Settlements & Infrastructure,2012,385
Indonesia,Bangka Belitung,Shifting cultivation,2012,166
Indonesia,Bangka Belitung,Wildfire,2012,563
Indonesia,Bangka Belitung,Hard commodities,2013,490
Indonesia,Bangka Belitung,Logging,2013,33
Indonesia,Bangka Belitung,Other natural disturbances,2013,3
Indonesia,Bangka Belitung,Permanent agriculture,2013,16707
Indonesia,Bangka Belitung,Settlements & Infrastructure,2013,70
Indonesia,Bangka Belitung,Shifting cultivation,2013,104
Indonesia,Bangka Belitung,Wildfire,2013,167
Indonesia,Bangka Belitung,Hard commodities,2014,1089
Indonesia,Bangka Belitung,Logging,2014,97
Indonesia,Bangka Belitung,Other natural disturbances,2014,79
Indonesia,Bangka Belitung,Permanent agriculture,2014,38669
Indonesia,Bangka Belitung,Settlements & Infrastructure,2014,295
Indonesia,Bangka Belitung,Shifting cultivation,2014,260
Indonesia,Bangka Belitung,Wildfire,2014,749
Indonesia,Bangka Belitung,Hard commodities,2015,1170
Indonesia,Bangka Belitung,Logging,2015,125
Indonesia,Bangka Belitung,Other natural disturbances,2015,102
Indonesia,Bangka Belitung,Permanent agriculture,2015,36914
Indonesia,Bangka Belitung,Settlements & Infrastructure,2015,247
Indonesia,Bangka Belitung,Shifting cultivation,2015,351
Indonesia,Bangka Belitung,Wildfire,2015,2367
Indonesia,Bangka Belitung,Hard commodities,2016,1207
Indonesia,Bangka Belitung,Logging,2016,165
Indonesia,Bangka Belitung,Other natural disturbances,2016,211
Indonesia,Bangka Belitung,Permanent agriculture,2016,41842
Indonesia,Bangka Belitung,Settlements & Infrastructure,2016,173
Indonesia,Bangka Belitung,Shifting cultivation,2016,480
Indonesia,Bangka Belitung,Wildfire,2016,14114
Indonesia,Bangka Belitung,Hard commodities,2017,747
Indonesia,Bangka Belitung,Logging,2017,139
Indonesia,Bangka Belitung,Other natural disturbances,2017,81
Indonesia,Bangka Belitung,Permanent agriculture,2017,23538
Indonesia,Bangka Belitung,Settlements & Infrastructure,2017,142
Indonesia,Bangka Belitung,Shifting cultivation,2017,304
Indonesia,Bangka Belitung,Wildfire,2017,602
Indonesia,Bangka Belitung,Hard commodities,2018,659
Indonesia,Bangka Belitung,Logging,2018,56
Indonesia,Bangka Belitung,Other natural disturbances,2018,53
Indonesia,Bangka Belitung,Permanent agriculture,2018,20988
Indonesia,Bangka Belitung,Settlements & Infrastructure,2018,122
Indonesia,Bangka Belitung,Shifting cultivation,2018,145
Indonesia,Bangka Belitung,Wildfire,2018,401
Indonesia,Bangka Belitung,Hard commodities,2019,1043
Indonesia,Bangka Belitung,Logging,2019,53
Indonesia,Bangka Belitung,Other natural disturbances,2019,16
Indonesia,Bangka Belitung,Permanent agriculture,2019,23601
Indonesia,Bangka Belitung,Settlements & Infrastructure,2019,195
Indonesia,Bangka Belitung,Shifting cultivation,2019,117
Indonesia,Bangka Belitung,Wildfire,2019,502
Indonesia,Bangka Belitung,Hard commodities,2020,838
Indonesia,Bangka Belitung,Logging,2020,75
Indonesia,Bangka Belitung,Other natural disturbances,2020,48
Indonesia,Bangka Belitung,Permanent agriculture,2020,22804
Indonesia,Bangka Belitung,Settlements & Infrastructure,2020,132
Indonesia,Bangka Belitung,Shifting cultivation,2020,93
Indonesia,Bangka Belitung,Wildfire,2020,636
Indonesia,Bangka Belitung,Hard commodities,2021,843
Indonesia,Bangka Belitung,Logging,2021,60
Indonesia,Bangka Belitung,Other natural disturbances,2021,50
Indonesia,Bangka Belitung,Permanent agriculture,2021,29478
Indonesia,Bangka Belitung,Settlements & Infrastructure,2021,136
Indonesia,Bangka Belitung,Shifting cultivation,2021,92
Indonesia,Bangka Belitung,Wildfire,2021,343
Indonesia,Bangka Belitung,Hard commodities,2022,883
Indonesia,Bangka Belitung,Logging,2022,71
Indonesia,Bangka Belitung,Other natural disturbances,2022,33
Indonesia,Bangka Belitung,Permanent agriculture,2022,32510
Indonesia,Bangka Belitung,Settlements & Infrastructure,2022,113
Indonesia,Bangka Belitung,Shifting cultivation,2022,90
Indonesia,Bangka Belitung,Wildfire,2022,350
Indonesia,Bangka Belitung,Hard commodities,2023,1269
Indonesia,Bangka Belitung,Logging,2023,123
Indonesia,Bangka Belitung,Other natural disturbances,2023,63
Indonesia,Bangka Belitung,Permanent agriculture,2023,47467
Indonesia,Bangka Belitung,Settlements & Infrastructure,2023,260
Indonesia,Bangka Belitung,Shifting cultivation,2023,281
Indonesia,Bangka Belitung,Wildfire,2023,924
Indonesia,Bangka Belitung,Hard commodities,2024,821
Indonesia,Bangka Belitung,Logging,2024,244
Indonesia,Bangka Belitung,Other natural disturbances,2024,38
Indonesia,Bangka Belitung,Permanent agriculture,2024,28754
Indonesia,Bangka Belitung,Settlements & Infrastructure,2024,115
Indonesia,Bangka Belitung,Shifting cultivation,2024,129
Indonesia,Bangka Belitung,Wildfire,2024,957
Indonesia,Bangka Belitung,Hard commodities,2025,820
Indonesia,Bangka Belitung,Logging,2025,348
Indonesia,Bangka Belitung,Other natural disturbances,2025,38
Indonesia,Bangka Belitung,Permanent agriculture,2025,28890
Indonesia,Bangka Belitung,Settlements & Infrastructure,2025,115
Indonesia,Bangka Belitung,Shifting cultivation,2025,246
Indonesia,Bangka Belitung,Wildfire,2025,936
Indonesia,Banten,Hard commodities,2001,7
Indonesia,Banten,Logging,2001,12
Indonesia,Banten,Other natural disturbances,2001,15
Indonesia,Banten,Permanent agriculture,2001,730
Indonesia,Banten,Settlements & Infrastructure,2001,30
Indonesia,Banten,Shifting cultivation,2001,238
Indonesia,Banten,Hard commodities,2002,26
Indonesia,Banten,Logging,2002,5
Indonesia,Banten,Other natural disturbances,2002,11
Indonesia,Banten,Permanent agriculture,2002,1375
Indonesia,Banten,Settlements & Infrastructure,2002,33
Indonesia,Banten,Shifting cultivation,2002,294
Indonesia,Banten,Wildfire,2002,0
Indonesia,Banten,Hard commodities,2003,9
Indonesia,Banten,Logging,2003,5
Indonesia,Banten,Other natural disturbances,2003,5
Indonesia,Banten,Permanent agriculture,2003,191
Indonesia,Banten,Settlements & Infrastructure,2003,19
Indonesia,Banten,Shifting cultivation,2003,58
Indonesia,Banten,Hard commodities,2004,14
Indonesia,Banten,Logging,2004,61
Indonesia,Banten,Other natural disturbances,2004,11
Indonesia,Banten,Permanent agriculture,2004,1006
Indonesia,Banten,Settlements & Infrastructure,2004,44
Indonesia,Banten,Shifting cultivation,2004,246
Indonesia,Banten,Hard commodities,2005,7
Indonesia,Banten,Logging,2005,14
Indonesia,Banten,Other natural disturbances,2005,9
Indonesia,Banten,Permanent agriculture,2005,332
Indonesia,Banten,Settlements & Infrastructure,2005,34
Indonesia,Banten,Shifting cultivation,2005,137
Indonesia,Banten,Wildfire,2005,0
Indonesia,Banten,Hard commodities,2006,27
Indonesia,Banten,Logging,2006,26
Indonesia,Banten,Other natural disturbances,2006,4
Indonesia,Banten,Permanent agriculture,2006,1590
Indonesia,Banten,Settlements & Infrastructure,2006,70
Indonesia,Banten,Shifting cultivation,2006,197
Indonesia,Banten,Wildfire,2006,0
Indonesia,Banten,Hard commodities,2007,18
Indonesia,Banten,Logging,2007,1
Indonesia,Banten,Other natural disturbances,2007,7
Indonesia,Banten,Permanent agriculture,2007,822
Indonesia,Banten,Settlements & Infrastructure,2007,66
Indonesia,Banten,Shifting cultivation,2007,133
Indonesia,Banten,Hard commodities,2008,21
Indonesia,Banten,Logging,2008,4
Indonesia,Banten,Other natural disturbances,2008,6
Indonesia,Banten,Permanent agriculture,2008,733
Indonesia,Banten,Settlements & Infrastructure,2008,32
Indonesia,Banten,Shifting cultivation,2008,125
Indonesia,Banten,Wildfire,2008,0
Indonesia,Banten,Hard commodities,2009,29
Indonesia,Banten,Logging,2009,3
Indonesia,Banten,Other natural disturbances,2009,12
Indonesia,Banten,Permanent agriculture,2009,2343
Indonesia,Banten,Settlements & Infrastructure,2009,116
Indonesia,Banten,Shifting cultivation,2009,230
Indonesia,Banten,Hard commodities,2010,20
Indonesia,Banten,Logging,2010,1
Indonesia,Banten,Other natural disturbances,2010,17
Indonesia,Banten,Permanent agriculture,2010,1355
Indonesia,Banten,Settlements & Infrastructure,2010,75
Indonesia,Banten,Shifting cultivation,2010,144
Indonesia,Banten,Hard commodities,2011,27
Indonesia,Banten,Logging,2011,1
Indonesia,Banten,Other natural disturbances,2011,8
Indonesia,Banten,Permanent agriculture,2011,2011
Indonesia,Banten,Settlements & Infrastructure,2011,128
Indonesia,Banten,Shifting cultivation,2011,131
Indonesia,Banten,Wildfire,2011,1
Indonesia,Banten,Hard commodities,2012,31
Indonesia,Banten,Logging,2012,2
Indonesia,Banten,Other natural disturbances,2012,8
Indonesia,Banten,Permanent agriculture,2012,2873
Indonesia,Banten,Settlements & Infrastructure,2012,114
Indonesia,Banten,Shifting cultivation,2012,221
Indonesia,Banten,Hard commodities,2013,30
Indonesia,Banten,Logging,2013,1
Indonesia,Banten,Other natural disturbances,2013,3
Indonesia,Banten,Permanent agriculture,2013,1549
Indonesia,Banten,Settlements & Infrastructure,2013,66
Indonesia,Banten,Shifting cultivation,2013,176
Indonesia,Banten,Hard commodities,2014,47
Indonesia,Banten,Logging,2014,6
Indonesia,Banten,Other natural disturbances,2014,9
Indonesia,Banten,Permanent agriculture,2014,1681
Indonesia,Banten,Settlements & Infrastructure,2014,77
Indonesia,Banten,Shifting cultivation,2014,448
Indonesia,Banten,Wildfire,2014,0
Indonesia,Banten,Hard commodities,2015,69
Indonesia,Banten,Logging,2015,3
Indonesia,Banten,Other natural disturbances,2015,4
Indonesia,Banten,Permanent agriculture,2015,2013
Indonesia,Banten,Settlements & Infrastructure,2015,64
Indonesia,Banten,Shifting cultivation,2015,508
Indonesia,Banten,Hard commodities,2016,74
Indonesia,Banten,Logging,2016,2
Indonesia,Banten,Other natural disturbances,2016,6
Indonesia,Banten,Permanent agriculture,2016,1310
Indonesia,Banten,Settlements & Infrastructure,2016,90
Indonesia,Banten,Shifting cultivation,2016,416
Indonesia,Banten,Wildfire,2016,64
Indonesia,Banten,Hard commodities,2017,68
Indonesia,Banten,Logging,2017,5
Indonesia,Banten,Other natural disturbances,2017,17
Indonesia,Banten,Permanent agriculture,2017,2378
Indonesia,Banten,Settlements & Infrastructure,2017,178
Indonesia,Banten,Shifting cultivation,2017,833
Indonesia,Banten,Wildfire,2017,1
Indonesia,Banten,Hard commodities,2018,54
Indonesia,Banten,Logging,2018,7
Indonesia,Banten,Other natural disturbances,2018,17
Indonesia,Banten,Permanent agriculture,2018,2652
Indonesia,Banten,Settlements & Infrastructure,2018,107
Indonesia,Banten,Shifting cultivation,2018,558
Indonesia,Banten,Hard commodities,2019,52
Indonesia,Banten,Logging,2019,24
Indonesia,Banten,Other natural disturbances,2019,326
Indonesia,Banten,Permanent agriculture,2019,3564
Indonesia,Banten,Settlements & Infrastructure,2019,219
Indonesia,Banten,Shifting cultivation,2019,454
Indonesia,Banten,Wildfire,2019,66
Indonesia,Banten,Hard commodities,2020,42
Indonesia,Banten,Logging,2020,2
Indonesia,Banten,Other natural disturbances,2020,35
Indonesia,Banten,Permanent agriculture,2020,1526
Indonesia,Banten,Settlements & Infrastructure,2020,92
Indonesia,Banten,Shifting cultivation,2020,305
Indonesia,Banten,Wildfire,2020,33
Indonesia,Banten,Hard commodities,2021,82
Indonesia,Banten,Logging,2021,2
Indonesia,Banten,Other natural disturbances,2021,6
Indonesia,Banten,Permanent agriculture,2021,1402
Indonesia,Banten,Settlements & Infrastructure,2021,156
Indonesia,Banten,Shifting cultivation,2021,262
Indonesia,Banten,Wildfire,2021,0
Indonesia,Banten,Hard commodities,2022,113
Indonesia,Banten,Logging,2022,2
Indonesia,Banten,Other natural disturbances,2022,19
Indonesia,Banten,Permanent agriculture,2022,1081
Indonesia,Banten,Settlements & Infrastructure,2022,105
Indonesia,Banten,Shifting cultivation,2022,221
Indonesia,Banten,Hard commodities,2023,207
Indonesia,Banten,Logging,2023,2
Indonesia,Banten,Other natural disturbances,2023,2
Indonesia,Banten,Permanent agriculture,2023,2986
Indonesia,Banten,Settlements & Infrastructure,2023,217
Indonesia,Banten,Shifting cultivation,2023,323
Indonesia,Banten,Wildfire,2023,0
Indonesia,Banten,Hard commodities,2024,98
Indonesia,Banten,Logging,2024,8
Indonesia,Banten,Other natural disturbances,2024,4
Indonesia,Banten,Permanent agriculture,2024,2647
Indonesia,Banten,Settlements & Infrastructure,2024,95
Indonesia,Banten,Shifting cultivation,2024,384
Indonesia,Banten,Wildfire,2024,18
Indonesia,Banten,Hard commodities,2025,55
Indonesia,Banten,Logging,2025,3
Indonesia,Banten,Other natural disturbances,2025,8
Indonesia,Banten,Permanent agriculture,2025,1806
Indonesia,Banten,Settlements & Infrastructure,2025,75
Indonesia,Banten,Shifting cultivation,2025,424
Indonesia,Banten,Wildfire,2025,10
Indonesia,Bengkulu,Hard commodities,2001,47
Indonesia,Bengkulu,Logging,2001,139
Indonesia,Bengkulu,Other natural disturbances,2001,11
Indonesia,Bengkulu,Permanent agriculture,2001,11757
Indonesia,Bengkulu,Settlements & Infrastructure,2001,21
Indonesia,Bengkulu,Shifting cultivation,2001,2214
Indonesia,Bengkulu,Wildfire,2001,0
Indonesia,Bengkulu,Hard commodities,2002,25
Indonesia,Bengkulu,Logging,2002,86
Indonesia,Bengkulu,Other natural disturbances,2002,8
Indonesia,Bengkulu,Permanent agriculture,2002,8682
Indonesia,Bengkulu,Settlements & Infrastructure,2002,18
Indonesia,Bengkulu,Shifting cultivation,2002,1598
Indonesia,Bengkulu,Wildfire,2002,0
Indonesia,Bengkulu,Hard commodities,2003,14
Indonesia,Bengkulu,Logging,2003,623
Indonesia,Bengkulu,Other natural disturbances,2003,17
Indonesia,Bengkulu,Permanent agriculture,2003,6493
Indonesia,Bengkulu,Settlements & Infrastructure,2003,8
Indonesia,Bengkulu,Shifting cultivation,2003,937
Indonesia,Bengkulu,Wildfire,2003,3
Indonesia,Bengkulu,Hard commodities,2004,48
Indonesia,Bengkulu,Logging,2004,434
Indonesia,Bengkulu,Other natural disturbances,2004,10
Indonesia,Bengkulu,Permanent agriculture,2004,21536
Indonesia,Bengkulu,Settlements & Infrastructure,2004,39
Indonesia,Bengkulu,Shifting cultivation,2004,3906
Indonesia,Bengkulu,Wildfire,2004,1
Indonesia,Bengkulu,Hard commodities,2005,70
Indonesia,Bengkulu,Logging,2005,224
Indonesia,Bengkulu,Other natural disturbances,2005,8
Indonesia,Bengkulu,Permanent agriculture,2005,10926
Indonesia,Bengkulu,Settlements & Infrastructure,2005,31
Indonesia,Bengkulu,Shifting cultivation,2005,1876
Indonesia,Bengkulu,Hard commodities,2006,72
Indonesia,Bengkulu,Logging,2006,111
Indonesia,Bengkulu,Other natural disturbances,2006,5
Indonesia,Bengkulu,Permanent agriculture,2006,19914
Indonesia,Bengkulu,Settlements & Infrastructure,2006,92
Indonesia,Bengkulu,Shifting cultivation,2006,3384
Indonesia,Bengkulu,Wildfire,2006,5
Indonesia,Bengkulu,Hard commodities,2007,45
Indonesia,Bengkulu,Logging,2007,112
Indonesia,Bengkulu,Other natural disturbances,2007,13
Indonesia,Bengkulu,Permanent agriculture,2007,15798
Indonesia,Bengkulu,Settlements & Infrastructure,2007,26
Indonesia,Bengkulu,Shifting cultivation,2007,1434
Indonesia,Bengkulu,Wildfire,2007,143
Indonesia,Bengkulu,Hard commodities,2008,120
Indonesia,Bengkulu,Logging,2008,214
Indonesia,Bengkulu,Other natural disturbances,2008,42
Indonesia,Bengkulu,Permanent agriculture,2008,18201
Indonesia,Bengkulu,Settlements & Infrastructure,2008,60
Indonesia,Bengkulu,Shifting cultivation,2008,3680
Indonesia,Bengkulu,Wildfire,2008,30
Indonesia,Bengkulu,Hard commodities,2009,80
Indonesia,Bengkulu,Logging,2009,185
Indonesia,Bengkulu,Other natural disturbances,2009,30
Indonesia,Bengkulu,Permanent agriculture,2009,16556
Indonesia,Bengkulu,Settlements & Infrastructure,2009,35
Indonesia,Bengkulu,Shifting cultivation,2009,1851
Indonesia,Bengkulu,Wildfire,2009,12
Indonesia,Bengkulu,Hard commodities,2010,49
Indonesia,Bengkulu,Logging,2010,38
Indonesia,Bengkulu,Other natural disturbances,2010,21
Indonesia,Bengkulu,Permanent agriculture,2010,14066
Indonesia,Bengkulu,Settlements & Infrastructure,2010,37
Indonesia,Bengkulu,Shifting cultivation,2010,1778
Indonesia,Bengkulu,Wildfire,2010,11
Indonesia,Bengkulu,Hard commodities,2011,60
Indonesia,Bengkulu,Logging,2011,122
Indonesia,Bengkulu,Other natural disturbances,2011,14
Indonesia,Bengkulu,Permanent agriculture,2011,22404
Indonesia,Bengkulu,Settlements & Infrastructure,2011,55
Indonesia,Bengkulu,Shifting cultivation,2011,1890
Indonesia,Bengkulu,Wildfire,2011,9
Indonesia,Bengkulu,Hard commodities,2012,90
Indonesia,Bengkulu,Logging,2012,403
Indonesia,Bengkulu,Other natural disturbances,2012,57
Indonesia,Bengkulu,Permanent agriculture,2012,23294
Indonesia,Bengkulu,Settlements & Infrastructure,2012,88
Indonesia,Bengkulu,Shifting cultivation,2012,3762
Indonesia,Bengkulu,Wildfire,2012,38
Indonesia,Bengkulu,Hard commodities,2013,15
Indonesia,Bengkulu,Logging,2013,244
Indonesia,Bengkulu,Other natural disturbances,2013,40
Indonesia,Bengkulu,Permanent agriculture,2013,11925
Indonesia,Bengkulu,Settlements & Infrastructure,2013,6
Indonesia,Bengkulu,Shifting cultivation,2013,1917
Indonesia,Bengkulu,Wildfire,2013,0
Indonesia,Bengkulu,Hard commodities,2014,43
Indonesia,Bengkulu,Logging,2014,229
Indonesia,Bengkulu,Other natural disturbances,2014,27
Indonesia,Bengkulu,Permanent agriculture,2014,16732
Indonesia,Bengkulu,Settlements & Infrastructure,2014,24
Indonesia,Bengkulu,Shifting cultivation,2014,3245
Indonesia,Bengkulu,Wildfire,2014,3
Indonesia,Bengkulu,Hard commodities,2015,41
Indonesia,Bengkulu,Logging,2015,254
Indonesia,Bengkulu,Other natural disturbances,2015,55
Indonesia,Bengkulu,Permanent agriculture,2015,15772
Indonesia,Bengkulu,Settlements & Infrastructure,2015,49
Indonesia,Bengkulu,Shifting cultivation,2015,4016
Indonesia,Bengkulu,Wildfire,2015,5
Indonesia,Bengkulu,Hard commodities,2016,70
Indonesia,Bengkulu,Logging,2016,194
Indonesia,Bengkulu,Other natural disturbances,2016,160
Indonesia,Bengkulu,Permanent agriculture,2016,18861
Indonesia,Bengkulu,Settlements & Infrastructure,2016,70
Indonesia,Bengkulu,Shifting cultivation,2016,4977
Indonesia,Bengkulu,Wildfire,2016,21
Indonesia,Bengkulu,Hard commodities,2017,109
Indonesia,Bengkulu,Logging,2017,446
Indonesia,Bengkulu,Other natural disturbances,2017,82
Indonesia,Bengkulu,Permanent agriculture,2017,21790
Indonesia,Bengkulu,Settlements & Infrastructure,2017,87
Indonesia,Bengkulu,Shifting cultivation,2017,4704
Indonesia,Bengkulu,Wildfire,2017,2
Indonesia,Bengkulu,Hard commodities,2018,129
Indonesia,Bengkulu,Logging,2018,278
Indonesia,Bengkulu,Other natural disturbances,2018,50
Indonesia,Bengkulu,Permanent agriculture,2018,19598
Indonesia,Bengkulu,Settlements & Infrastructure,2018,30
Indonesia,Bengkulu,Shifting cultivation,2018,4530
Indonesia,Bengkulu,Wildfire,2018,2
Indonesia,Bengkulu,Hard commodities,2019,83
Indonesia,Bengkulu,Logging,2019,264
Indonesia,Bengkulu,Other natural disturbances,2019,142
Indonesia,Bengkulu,Permanent agriculture,2019,14446
Indonesia,Bengkulu,Settlements & Infrastructure,2019,86
Indonesia,Bengkulu,Shifting cultivation,2019,3166
Indonesia,Bengkulu,Wildfire,2019,4
Indonesia,Bengkulu,Hard commodities,2020,52
Indonesia,Bengkulu,Logging,2020,173
Indonesia,Bengkulu,Other natural disturbances,2020,76
Indonesia,Bengkulu,Permanent agriculture,2020,13159
Indonesia,Bengkulu,Settlements & Infrastructure,2020,36
Indonesia,Bengkulu,Shifting cultivation,2020,2801
Indonesia,Bengkulu,Wildfire,2020,4
Indonesia,Bengkulu,Hard commodities,2021,68
Indonesia,Bengkulu,Logging,2021,129
Indonesia,Bengkulu,Other natural disturbances,2021,35
Indonesia,Bengkulu,Permanent agriculture,2021,12253
Indonesia,Bengkulu,Settlements & Infrastructure,2021,30
Indonesia,Bengkulu,Shifting cultivation,2021,1802
Indonesia,Bengkulu,Wildfire,2021,3
Indonesia,Bengkulu,Hard commodities,2022,80
Indonesia,Bengkulu,Logging,2022,391
Indonesia,Bengkulu,Other natural disturbances,2022,40
Indonesia,Bengkulu,Permanent agriculture,2022,20772
Indonesia,Bengkulu,Settlements & Infrastructure,2022,19
Indonesia,Bengkulu,Shifting cultivation,2022,2490
Indonesia,Bengkulu,Wildfire,2022,1
Indonesia,Bengkulu,Hard commodities,2023,197
Indonesia,Bengkulu,Logging,2023,413
Indonesia,Bengkulu,Other natural disturbances,2023,33
Indonesia,Bengkulu,Permanent agriculture,2023,25909
Indonesia,Bengkulu,Settlements & Infrastructure,2023,74
Indonesia,Bengkulu,Shifting cultivation,2023,3283
Indonesia,Bengkulu,Wildfire,2023,1
Indonesia,Bengkulu,Hard commodities,2024,76
Indonesia,Bengkulu,Logging,2024,872
Indonesia,Bengkulu,Other natural disturbances,2024,53
Indonesia,Bengkulu,Permanent agriculture,2024,16969
Indonesia,Bengkulu,Settlements & Infrastructure,2024,28
Indonesia,Bengkulu,Shifting cultivation,2024,2994
Indonesia,Bengkulu,Hard commodities,2025,95
Indonesia,Bengkulu,Logging,2025,1442
Indonesia,Bengkulu,Other natural disturbances,2025,108
Indonesia,Bengkulu,Permanent agriculture,2025,20598
Indonesia,Bengkulu,Settlements & Infrastructure,2025,23
Indonesia,Bengkulu,Shifting cultivation,2025,4886
Indonesia,Bengkulu,Wildfire,2025,5
Indonesia,Gorontalo,Hard commodities,2001,13
Indonesia,Gorontalo,Logging,2001,92
Indonesia,Gorontalo,Other natural disturbances,2001,10
Indonesia,Gorontalo,Permanent agriculture,2001,3151
Indonesia,Gorontalo,Settlements & Infrastructure,2001,6
Indonesia,Gorontalo,Shifting cultivation,2001,215
Indonesia,Gorontalo,Wildfire,2001,1
Indonesia,Gorontalo,Hard commodities,2002,36
Indonesia,Gorontalo,Logging,2002,261
Indonesia,Gorontalo,Other natural disturbances,2002,20
Indonesia,Gorontalo,Permanent agriculture,2002,7165
Indonesia,Gorontalo,Settlements & Infrastructure,2002,2
Indonesia,Gorontalo,Shifting cultivation,2002,522
Indonesia,Gorontalo,Wildfire,2002,1
Indonesia,Gorontalo,Hard commodities,2003,25
Indonesia,Gorontalo,Logging,2003,158
Indonesia,Gorontalo,Other natural disturbances,2003,27
Indonesia,Gorontalo,Permanent agriculture,2003,2228
Indonesia,Gorontalo,Settlements & Infrastructure,2003,7
Indonesia,Gorontalo,Shifting cultivation,2003,351
Indonesia,Gorontalo,Wildfire,2003,0
Indonesia,Gorontalo,Hard commodities,2004,23
Indonesia,Gorontalo,Logging,2004,117
Indonesia,Gorontalo,Other natural disturbances,2004,11
Indonesia,Gorontalo,Permanent agriculture,2004,6287
Indonesia,Gorontalo,Settlements & Infrastructure,2004,13
Indonesia,Gorontalo,Shifting cultivation,2004,483
Indonesia,Gorontalo,Wildfire,2004,8
Indonesia,Gorontalo,Hard commodities,2005,11
Indonesia,Gorontalo,Logging,2005,264
Indonesia,Gorontalo,Other natural disturbances,2005,12
Indonesia,Gorontalo,Permanent agriculture,2005,3506
Indonesia,Gorontalo,Settlements & Infrastructure,2005,5
Indonesia,Gorontalo,Shifting cultivation,2005,430
Indonesia,Gorontalo,Wildfire,2005,5
Indonesia,Gorontalo,Hard commodities,2006,6
Indonesia,Gorontalo,Logging,2006,178
Indonesia,Gorontalo,Other natural disturbances,2006,8
Indonesia,Gorontalo,Permanent agriculture,2006,4717
Indonesia,Gorontalo,Settlements & Infrastructure,2006,4
Indonesia,Gorontalo,Shifting cultivation,2006,315
Indonesia,Gorontalo,Wildfire,2006,14
Indonesia,Gorontalo,Hard commodities,2007,43
Indonesia,Gorontalo,Logging,2007,145
Indonesia,Gorontalo,Other natural disturbances,2007,32
Indonesia,Gorontalo,Permanent agriculture,2007,3776
Indonesia,Gorontalo,Settlements & Infrastructure,2007,22
Indonesia,Gorontalo,Shifting cultivation,2007,292
Indonesia,Gorontalo,Wildfire,2007,10
Indonesia,Gorontalo,Hard commodities,2008,16
Indonesia,Gorontalo,Logging,2008,71
Indonesia,Gorontalo,Other natural disturbances,2008,11
Indonesia,Gorontalo,Permanent agriculture,2008,1569
Indonesia,Gorontalo,Settlements & Infrastructure,2008,6
Indonesia,Gorontalo,Shifting cultivation,2008,114
Indonesia,Gorontalo,Wildfire,2008,0
Indonesia,Gorontalo,Hard commodities,2009,71
Indonesia,Gorontalo,Logging,2009,151
Indonesia,Gorontalo,Other natural disturbances,2009,59
Indonesia,Gorontalo,Permanent agriculture,2009,10420
Indonesia,Gorontalo,Settlements & Infrastructure,2009,91
Indonesia,Gorontalo,Shifting cultivation,2009,449
Indonesia,Gorontalo,Wildfire,2009,4
Indonesia,Gorontalo,Hard commodities,2010,6
Indonesia,Gorontalo,Logging,2010,21
Indonesia,Gorontalo,Other natural disturbances,2010,16
Indonesia,Gorontalo,Permanent agriculture,2010,1428
Indonesia,Gorontalo,Settlements & Infrastructure,2010,7
Indonesia,Gorontalo,Shifting cultivation,2010,80
Indonesia,Gorontalo,Wildfire,2010,0
Indonesia,Gorontalo,Hard commodities,2011,6
Indonesia,Gorontalo,Logging,2011,34
Indonesia,Gorontalo,Other natural disturbances,2011,20
Indonesia,Gorontalo,Permanent agriculture,2011,2811
Indonesia,Gorontalo,Settlements & Infrastructure,2011,6
Indonesia,Gorontalo,Shifting cultivation,2011,78
Indonesia,Gorontalo,Wildfire,2011,3
Indonesia,Gorontalo,Hard commodities,2012,15
Indonesia,Gorontalo,Logging,2012,132
Indonesia,Gorontalo,Other natural disturbances,2012,22
Indonesia,Gorontalo,Permanent agriculture,2012,3623
Indonesia,Gorontalo,Settlements & Infrastructure,2012,12
Indonesia,Gorontalo,Shifting cultivation,2012,78
Indonesia,Gorontalo,Wildfire,2012,7
Indonesia,Gorontalo,Hard commodities,2013,11
Indonesia,Gorontalo,Logging,2013,696
Indonesia,Gorontalo,Other natural disturbances,2013,18
Indonesia,Gorontalo,Permanent agriculture,2013,5107
Indonesia,Gorontalo,Settlements & Infrastructure,2013,6
Indonesia,Gorontalo,Shifting cultivation,2013,85
Indonesia,Gorontalo,Wildfire,2013,1
Indonesia,Gorontalo,Hard commodities,2014,22
Indonesia,Gorontalo,Logging,2014,1116
Indonesia,Gorontalo,Other natural disturbances,2014,52
Indonesia,Gorontalo,Permanent agriculture,2014,8705
Indonesia,Gorontalo,Settlements & Infrastructure,2014,18
Indonesia,Gorontalo,Shifting cultivation,2014,417
Indonesia,Gorontalo,Wildfire,2014,5
Indonesia,Gorontalo,Hard commodities,2015,43
Indonesia,Gorontalo,Logging,2015,2185
Indonesia,Gorontalo,Other natural disturbances,2015,234
Indonesia,Gorontalo,Permanent agriculture,2015,9861
Indonesia,Gorontalo,Settlements & Infrastructure,2015,16
Indonesia,Gorontalo,Shifting cultivation,2015,790
Indonesia,Gorontalo,Wildfire,2015,104
Indonesia,Gorontalo,Hard commodities,2016,36
Indonesia,Gorontalo,Logging,2016,1890
Indonesia,Gorontalo,Other natural disturbances,2016,296
Indonesia,Gorontalo,Permanent agriculture,2016,7293
Indonesia,Gorontalo,Settlements & Infrastructure,2016,27
Indonesia,Gorontalo,Shifting cultivation,2016,519
Indonesia,Gorontalo,Wildfire,2016,828
Indonesia,Gorontalo,Hard commodities,2017,48
Indonesia,Gorontalo,Logging,2017,911
Indonesia,Gorontalo,Other natural disturbances,2017,35
Indonesia,Gorontalo,Permanent agriculture,2017,6379
Indonesia,Gorontalo,Settlements & Infrastructure,2017,15
Indonesia,Gorontalo,Shifting cultivation,2017,428
Indonesia,Gorontalo,Wildfire,2017,28
Indonesia,Gorontalo,Hard commodities,2018,43
Indonesia,Gorontalo,Logging,2018,1188
Indonesia,Gorontalo,Other natural disturbances,2018,55
Indonesia,Gorontalo,Permanent agriculture,2018,6332
Indonesia,Gorontalo,Settlements & Infrastructure,2018,14
Indonesia,Gorontalo,Shifting cultivation,2018,356
Indonesia,Gorontalo,Wildfire,2018,8
Indonesia,Gorontalo,Hard commodities,2019,112
Indonesia,Gorontalo,Logging,2019,444
Indonesia,Gorontalo,Other natural disturbances,2019,67
Indonesia,Gorontalo,Permanent agriculture,2019,9767
Indonesia,Gorontalo,Settlements & Infrastructure,2019,26
Indonesia,Gorontalo,Shifting cultivation,2019,532
Indonesia,Gorontalo,Wildfire,2019,4
Indonesia,Gorontalo,Hard commodities,2020,31
Indonesia,Gorontalo,Logging,2020,352
Indonesia,Gorontalo,Other natural disturbances,2020,58
Indonesia,Gorontalo,Permanent agriculture,2020,2377
Indonesia,Gorontalo,Settlements & Infrastructure,2020,1
Indonesia,Gorontalo,Shifting cultivation,2020,174
Indonesia,Gorontalo,Wildfire,2020,20
Indonesia,Gorontalo,Hard commodities,2021,47
Indonesia,Gorontalo,Logging,2021,149
Indonesia,Gorontalo,Other natural disturbances,2021,42
Indonesia,Gorontalo,Permanent agriculture,2021,1806
Indonesia,Gorontalo,Settlements & Infrastructure,2021,3
Indonesia,Gorontalo,Shifting cultivation,2021,134
Indonesia,Gorontalo,Wildfire,2021,9
Indonesia,Gorontalo,Hard commodities,2022,113
Indonesia,Gorontalo,Logging,2022,301
Indonesia,Gorontalo,Other natural disturbances,2022,27
Indonesia,Gorontalo,Permanent agriculture,2022,2197
Indonesia,Gorontalo,Settlements & Infrastructure,2022,1
Indonesia,Gorontalo,Shifting cultivation,2022,172
Indonesia,Gorontalo,Wildfire,2022,1
Indonesia,Gorontalo,Hard commodities,2023,218
Indonesia,Gorontalo,Logging,2023,1481
Indonesia,Gorontalo,Other natural disturbances,2023,109
Indonesia,Gorontalo,Permanent agriculture,2023,6092
Indonesia,Gorontalo,Settlements & Infrastructure,2023,15
Indonesia,Gorontalo,Shifting cultivation,2023,303
Indonesia,Gorontalo,Wildfire,2023,17
Indonesia,Gorontalo,Hard commodities,2024,213
Indonesia,Gorontalo,Logging,2024,1897
Indonesia,Gorontalo,Other natural disturbances,2024,95
Indonesia,Gorontalo,Permanent agriculture,2024,2207
Indonesia,Gorontalo,Settlements & Infrastructure,2024,2
Indonesia,Gorontalo,Shifting cultivation,2024,218
Indonesia,Gorontalo,Wildfire,2024,2
Indonesia,Gorontalo,Hard commodities,2025,346
Indonesia,Gorontalo,Logging,2025,2731
Indonesia,Gorontalo,Other natural disturbances,2025,200
Indonesia,Gorontalo,Permanent agriculture,2025,2098
Indonesia,Gorontalo,Settlements & Infrastructure,2025,3
Indonesia,Gorontalo,Shifting cultivation,2025,201
Indonesia,Gorontalo,Wildfire,2025,9
Indonesia,Jakarta Raya,Permanent agriculture,2001,0
Indonesia,Jakarta Raya,Settlements & Infrastructure,2001,2
Indonesia,Jakarta Raya,Permanent agriculture,2002,0
Indonesia,Jakarta Raya,Permanent agriculture,2003,0
Indonesia,Jakarta Raya,Settlements & Infrastructure,2003,0
Indonesia,Jakarta Raya,Settlements & Infrastructure,2004,1
Indonesia,Jakarta Raya,Settlements & Infrastructure,2005,0
Indonesia,Jakarta Raya,Permanent agriculture,2006,3
Indonesia,Jakarta Raya,Settlements & Infrastructure,2006,0
Indonesia,Jakarta Raya,Permanent agriculture,2007,1
Indonesia,Jakarta Raya,Settlements & Infrastructure,2007,0
Indonesia,Jakarta Raya,Permanent agriculture,2008,1
Indonesia,Jakarta Raya,Settlements & Infrastructure,2008,0
Indonesia,Jakarta Raya,Permanent agriculture,2010,1
Indonesia,Jakarta Raya,Settlements & Infrastructure,2010,1
Indonesia,Jakarta Raya,Permanent agriculture,2011,0
Indonesia,Jakarta Raya,Settlements & Infrastructure,2011,2
Indonesia,Jakarta Raya,Settlements & Infrastructure,2012,0
Indonesia,Jakarta Raya,Settlements & Infrastructure,2017,1
Indonesia,Jakarta Raya,Settlements & Infrastructure,2020,0
Indonesia,Jakarta Raya,Settlements & Infrastructure,2023,0
Indonesia,Jakarta Raya,Settlements & Infrastructure,2024,0
Indonesia,Jakarta Raya,Settlements & Infrastructure,2025,0
Indonesia,Jambi,Hard commodities,2001,741
Indonesia,Jambi,Logging,2001,6957
Indonesia,Jambi,Other natural disturbances,2001,41
Indonesia,Jambi,Permanent agriculture,2001,36883
Indonesia,Jambi,Settlements & Infrastructure,2001,128
Indonesia,Jambi,Shifting cultivation,2001,2041
Indonesia,Jambi,Wildfire,2001,108
Indonesia,Jambi,Hard commodities,2002,546
Indonesia,Jambi,Logging,2002,8428
Indonesia,Jambi,Other natural disturbances,2002,58
Indonesia,Jambi,Permanent agriculture,2002,33957
Indonesia,Jambi,Settlements & Infrastructure,2002,148
Indonesia,Jambi,Shifting cultivation,2002,1460
Indonesia,Jambi,Wildfire,2002,464
Indonesia,Jambi,Hard commodities,2003,190
Indonesia,Jambi,Logging,2003,5010
Indonesia,Jambi,Other natural disturbances,2003,13
Indonesia,Jambi,Permanent agriculture,2003,15443
Indonesia,Jambi,Settlements & Infrastructure,2003,62
Indonesia,Jambi,Shifting cultivation,2003,600
Indonesia,Jambi,Wildfire,2003,173
Indonesia,Jambi,Hard commodities,2004,971
Indonesia,Jambi,Logging,2004,16261
Indonesia,Jambi,Other natural disturbances,2004,81
Indonesia,Jambi,Permanent agriculture,2004,74696
Indonesia,Jambi,Settlements & Infrastructure,2004,209
Indonesia,Jambi,Shifting cultivation,2004,2319
Indonesia,Jambi,Wildfire,2004,2532
Indonesia,Jambi,Hard commodities,2005,652
Indonesia,Jambi,Logging,2005,15127
Indonesia,Jambi,Other natural disturbances,2005,48
Indonesia,Jambi,Permanent agriculture,2005,50878
Indonesia,Jambi,Settlements & Infrastructure,2005,175
Indonesia,Jambi,Shifting cultivation,2005,1569
Indonesia,Jambi,Wildfire,2005,2544
Indonesia,Jambi,Hard commodities,2006,1622
Indonesia,Jambi,Logging,2006,22208
Indonesia,Jambi,Other natural disturbances,2006,70
Indonesia,Jambi,Permanent agriculture,2006,92760
Indonesia,Jambi,Settlements & Infrastructure,2006,213
Indonesia,Jambi,Shifting cultivation,2006,2497
Indonesia,Jambi,Wildfire,2006,196
Indonesia,Jambi,Hard commodities,2007,1031
Indonesia,Jambi,Logging,2007,20453
Indonesia,Jambi,Other natural disturbances,2007,51
Indonesia,Jambi,Permanent agriculture,2007,93017
Indonesia,Jambi,Settlements & Infrastructure,2007,408
Indonesia,Jambi,Shifting cultivation,2007,2012
Indonesia,Jambi,Wildfire,2007,1990
Indonesia,Jambi,Hard commodities,2008,1138
Indonesia,Jambi,Logging,2008,31780
Indonesia,Jambi,Other natural disturbances,2008,38
Indonesia,Jambi,Permanent agriculture,2008,88558
Indonesia,Jambi,Settlements & Infrastructure,2008,332
Indonesia,Jambi,Shifting cultivation,2008,1791
Indonesia,Jambi,Wildfire,2008,559
Indonesia,Jambi,Hard commodities,2009,1101
Indonesia,Jambi,Logging,2009,21863
Indonesia,Jambi,Other natural disturbances,2009,41
Indonesia,Jambi,Permanent agriculture,2009,98696
Indonesia,Jambi,Settlements & Infrastructure,2009,576
Indonesia,Jambi,Shifting cultivation,2009,2384
Indonesia,Jambi,Wildfire,2009,835
Indonesia,Jambi,Hard commodities,2010,600
Indonesia,Jambi,Logging,2010,4532
Indonesia,Jambi,Other natural disturbances,2010,46
Indonesia,Jambi,Permanent agriculture,2010,29533
Indonesia,Jambi,Settlements & Infrastructure,2010,49
Indonesia,Jambi,Shifting cultivation,2010,1727
Indonesia,Jambi,Wildfire,2010,178
Indonesia,Jambi,Hard commodities,2011,476
Indonesia,Jambi,Logging,2011,5001
Indonesia,Jambi,Other natural disturbances,2011,103
Indonesia,Jambi,Permanent agriculture,2011,40541
Indonesia,Jambi,Settlements & Infrastructure,2011,140
Indonesia,Jambi,Shifting cultivation,2011,2014
Indonesia,Jambi,Wildfire,2011,614
Indonesia,Jambi,Hard commodities,2012,1331
Indonesia,Jambi,Logging,2012,16058
Indonesia,Jambi,Other natural disturbances,2012,139
Indonesia,Jambi,Permanent agriculture,2012,130413
Indonesia,Jambi,Settlements & Infrastructure,2012,468
Indonesia,Jambi,Shifting cultivation,2012,2307
Indonesia,Jambi,Wildfire,2012,1610
Indonesia,Jambi,Hard commodities,2013,494
Indonesia,Jambi,Logging,2013,6875
Indonesia,Jambi,Other natural disturbances,2013,141
Indonesia,Jambi,Permanent agriculture,2013,55817
Indonesia,Jambi,Settlements & Infrastructure,2013,202
Indonesia,Jambi,Shifting cultivation,2013,2426
Indonesia,Jambi,Wildfire,2013,729
Indonesia,Jambi,Hard commodities,2014,803
Indonesia,Jambi,Logging,2014,5870
Indonesia,Jambi,Other natural disturbances,2014,170
Indonesia,Jambi,Permanent agriculture,2014,63812
Indonesia,Jambi,Settlements & Infrastructure,2014,146
Indonesia,Jambi,Shifting cultivation,2014,4248
Indonesia,Jambi,Wildfire,2014,2322
Indonesia,Jambi,Hard commodities,2015,791
Indonesia,Jambi,Logging,2015,4403
Indonesia,Jambi,Other natural disturbances,2015,78
Indonesia,Jambi,Permanent agriculture,2015,49584
Indonesia,Jambi,Settlements & Infrastructure,2015,241
Indonesia,Jambi,Shifting cultivation,2015,3115
Indonesia,Jambi,Wildfire,2015,2380
Indonesia,Jambi,Hard commodities,2016,1412
Indonesia,Jambi,Logging,2016,9522
Indonesia,Jambi,Other natural disturbances,2016,371
Indonesia,Jambi,Permanent agriculture,2016,93852
Indonesia,Jambi,Settlements & Infrastructure,2016,417
Indonesia,Jambi,Shifting cultivation,2016,7054
Indonesia,Jambi,Wildfire,2016,44573
Indonesia,Jambi,Hard commodities,2017,1158
Indonesia,Jambi,Logging,2017,4752
Indonesia,Jambi,Other natural disturbances,2017,159
Indonesia,Jambi,Permanent agriculture,2017,70833
Indonesia,Jambi,Settlements & Infrastructure,2017,252
Indonesia,Jambi,Shifting cultivation,2017,7798
Indonesia,Jambi,Wildfire,2017,1231
Indonesia,Jambi,Hard commodities,2018,996
Indonesia,Jambi,Logging,2018,2883
Indonesia,Jambi,Other natural disturbances,2018,146
Indonesia,Jambi,Permanent agriculture,2018,58633
Indonesia,Jambi,Settlements & Infrastructure,2018,226
Indonesia,Jambi,Shifting cultivation,2018,6057
Indonesia,Jambi,Wildfire,2018,1022
Indonesia,Jambi,Hard commodities,2019,1271
Indonesia,Jambi,Logging,2019,3057
Indonesia,Jambi,Other natural disturbances,2019,118
Indonesia,Jambi,Permanent agriculture,2019,54099
Indonesia,Jambi,Settlements & Infrastructure,2019,223
Indonesia,Jambi,Shifting cultivation,2019,6544
Indonesia,Jambi,Wildfire,2019,2353
Indonesia,Jambi,Hard commodities,2020,819
Indonesia,Jambi,Logging,2020,2572
Indonesia,Jambi,Other natural disturbances,2020,180
Indonesia,Jambi,Permanent agriculture,2020,52595
Indonesia,Jambi,Settlements & Infrastructure,2020,232
Indonesia,Jambi,Shifting cultivation,2020,6272
Indonesia,Jambi,Wildfire,2020,15701
Indonesia,Jambi,Hard commodities,2021,1465
Indonesia,Jambi,Logging,2021,1603
Indonesia,Jambi,Other natural disturbances,2021,158
Indonesia,Jambi,Permanent agriculture,2021,62790
Indonesia,Jambi,Settlements & Infrastructure,2021,152
Indonesia,Jambi,Shifting cultivation,2021,5147
Indonesia,Jambi,Wildfire,2021,1805
Indonesia,Jambi,Hard commodities,2022,1375
Indonesia,Jambi,Logging,2022,1410
Indonesia,Jambi,Other natural disturbances,2022,216
Indonesia,Jambi,Permanent agriculture,2022,66794
Indonesia,Jambi,Settlements & Infrastructure,2022,134
Indonesia,Jambi,Shifting cultivation,2022,5040
Indonesia,Jambi,Wildfire,2022,673
Indonesia,Jambi,Hard commodities,2023,1105
Indonesia,Jambi,Logging,2023,2080
Indonesia,Jambi,Other natural disturbances,2023,142
Indonesia,Jambi,Permanent agriculture,2023,84964
Indonesia,Jambi,Settlements & Infrastructure,2023,216
Indonesia,Jambi,Shifting cultivation,2023,3741
Indonesia,Jambi,Wildfire,2023,1567
Indonesia,Jambi,Hard commodities,2024,962
Indonesia,Jambi,Logging,2024,4150
Indonesia,Jambi,Other natural disturbances,2024,107
Indonesia,Jambi,Permanent agriculture,2024,79430
Indonesia,Jambi,Settlements & Infrastructure,2024,150
Indonesia,Jambi,Shifting cultivation,2024,3544
Indonesia,Jambi,Wildfire,2024,2973
Indonesia,Jambi,Hard commodities,2025,1080
Indonesia,Jambi,Logging,2025,3054
Indonesia,Jambi,Other natural disturbances,2025,145
Indonesia,Jambi,Permanent agriculture,2025,65538
Indonesia,Jambi,Settlements & Infrastructure,2025,163
Indonesia,Jambi,Shifting cultivation,2025,4946
Indonesia,Jambi,Wildfire,2025,1293
Indonesia,Jawa Barat,Hard commodities,2001,45
Indonesia,Jawa Barat,Logging,2001,225
Indonesia,Jawa Barat,Other natural disturbances,2001,103
Indonesia,Jawa Barat,Permanent agriculture,2001,4601
Indonesia,Jawa Barat,Settlements & Infrastructure,2001,156
Indonesia,Jawa Barat,Shifting cultivation,2001,1449
Indonesia,Jawa Barat,Wildfire,2001,15
Indonesia,Jawa Barat,Hard commodities,2002,26
Indonesia,Jawa Barat,Logging,2002,153
Indonesia,Jawa Barat,Other natural disturbances,2002,51
Indonesia,Jawa Barat,Permanent agriculture,2002,2662
Indonesia,Jawa Barat,Settlements & Infrastructure,2002,69
Indonesia,Jawa Barat,Shifting cultivation,2002,814
Indonesia,Jawa Barat,Wildfire,2002,2
Indonesia,Jawa Barat,Hard commodities,2003,11
Indonesia,Jawa Barat,Logging,2003,50
Indonesia,Jawa Barat,Other natural disturbances,2003,81
Indonesia,Jawa Barat,Permanent agriculture,2003,1310
Indonesia,Jawa Barat,Settlements & Infrastructure,2003,35
Indonesia,Jawa Barat,Shifting cultivation,2003,383
Indonesia,Jawa Barat,Wildfire,2003,65
Indonesia,Jawa Barat,Hard commodities,2004,100
Indonesia,Jawa Barat,Logging,2004,33
Indonesia,Jawa Barat,Other natural disturbances,2004,58
Indonesia,Jawa Barat,Permanent agriculture,2004,2872
Indonesia,Jawa Barat,Settlements & Infrastructure,2004,130
Indonesia,Jawa Barat,Shifting cultivation,2004,345
Indonesia,Jawa Barat,Wildfire,2004,26
Indonesia,Jawa Barat,Hard commodities,2005,16
Indonesia,Jawa Barat,Logging,2005,96
Indonesia,Jawa Barat,Other natural disturbances,2005,27
Indonesia,Jawa Barat,Permanent agriculture,2005,1641
Indonesia,Jawa Barat,Settlements & Infrastructure,2005,87
Indonesia,Jawa Barat,Shifting cultivation,2005,390
Indonesia,Jawa Barat,Wildfire,2005,3
Indonesia,Jawa Barat,Hard commodities,2006,69
Indonesia,Jawa Barat,Logging,2006,183
Indonesia,Jawa Barat,Other natural disturbances,2006,40
Indonesia,Jawa Barat,Permanent agriculture,2006,4317
Indonesia,Jawa Barat,Settlements & Infrastructure,2006,153
Indonesia,Jawa Barat,Shifting cultivation,2006,376
Indonesia,Jawa Barat,Wildfire,2006,4
Indonesia,Jawa Barat,Hard commodities,2007,67
Indonesia,Jawa Barat,Logging,2007,127
Indonesia,Jawa Barat,Other natural disturbances,2007,50
Indonesia,Jawa Barat,Permanent agriculture,2007,2155
Indonesia,Jawa Barat,Settlements & Infrastructure,2007,121
Indonesia,Jawa Barat,Shifting cultivation,2007,464
Indonesia,Jawa Barat,Wildfire,2007,4
Indonesia,Jawa Barat,Hard commodities,2008,36
Indonesia,Jawa Barat,Logging,2008,59
Indonesia,Jawa Barat,Other natural disturbances,2008,52
Indonesia,Jawa Barat,Permanent agriculture,2008,4169
Indonesia,Jawa Barat,Settlements & Infrastructure,2008,169
Indonesia,Jawa Barat,Shifting cultivation,2008,540
Indonesia,Jawa Barat,Wildfire,2008,5
Indonesia,Jawa Barat,Hard commodities,2009,52
Indonesia,Jawa Barat,Logging,2009,59
Indonesia,Jawa Barat,Other natural disturbances,2009,43
Indonesia,Jawa Barat,Permanent agriculture,2009,2123
Indonesia,Jawa Barat,Settlements & Infrastructure,2009,170
Indonesia,Jawa Barat,Shifting cultivation,2009,344
Indonesia,Jawa Barat,Wildfire,2009,5
Indonesia,Jawa Barat,Hard commodities,2010,20
Indonesia,Jawa Barat,Logging,2010,28
Indonesia,Jawa Barat,Other natural disturbances,2010,51
Indonesia,Jawa Barat,Permanent agriculture,2010,1872
Indonesia,Jawa Barat,Settlements & Infrastructure,2010,168
Indonesia,Jawa Barat,Shifting cultivation,2010,398
Indonesia,Jawa Barat,Wildfire,2010,3
Indonesia,Jawa Barat,Hard commodities,2011,56
Indonesia,Jawa Barat,Logging,2011,50
Indonesia,Jawa Barat,Other natural disturbances,2011,48
Indonesia,Jawa Barat,Permanent agriculture,2011,4520
Indonesia,Jawa Barat,Settlements & Infrastructure,2011,246
Indonesia,Jawa Barat,Shifting cultivation,2011,386
Indonesia,Jawa Barat,Wildfire,2011,0
Indonesia,Jawa Barat,Hard commodities,2012,79
Indonesia,Jawa Barat,Logging,2012,105
Indonesia,Jawa Barat,Other natural disturbances,2012,53
Indonesia,Jawa Barat,Permanent agriculture,2012,2694
Indonesia,Jawa Barat,Settlements & Infrastructure,2012,220
Indonesia,Jawa Barat,Shifting cultivation,2012,480
Indonesia,Jawa Barat,Wildfire,2012,3
Indonesia,Jawa Barat,Hard commodities,2013,12
Indonesia,Jawa Barat,Logging,2013,92
Indonesia,Jawa Barat,Other natural disturbances,2013,25
Indonesia,Jawa Barat,Permanent agriculture,2013,2066
Indonesia,Jawa Barat,Settlements & Infrastructure,2013,79
Indonesia,Jawa Barat,Shifting cultivation,2013,246
Indonesia,Jawa Barat,Wildfire,2013,3
Indonesia,Jawa Barat,Hard commodities,2014,62
Indonesia,Jawa Barat,Logging,2014,152
Indonesia,Jawa Barat,Other natural disturbances,2014,56
Indonesia,Jawa Barat,Permanent agriculture,2014,2812
Indonesia,Jawa Barat,Settlements & Infrastructure,2014,124
Indonesia,Jawa Barat,Shifting cultivation,2014,499
Indonesia,Jawa Barat,Wildfire,2014,1
Indonesia,Jawa Barat,Hard commodities,2015,269
Indonesia,Jawa Barat,Logging,2015,132
Indonesia,Jawa Barat,Other natural disturbances,2015,20
Indonesia,Jawa Barat,Permanent agriculture,2015,2629
Indonesia,Jawa Barat,Settlements & Infrastructure,2015,113
Indonesia,Jawa Barat,Shifting cultivation,2015,292
Indonesia,Jawa Barat,Wildfire,2015,1
Indonesia,Jawa Barat,Hard commodities,2016,58
Indonesia,Jawa Barat,Logging,2016,80
Indonesia,Jawa Barat,Other natural disturbances,2016,185
Indonesia,Jawa Barat,Permanent agriculture,2016,2490
Indonesia,Jawa Barat,Settlements & Infrastructure,2016,149
Indonesia,Jawa Barat,Shifting cultivation,2016,551
Indonesia,Jawa Barat,Wildfire,2016,79
Indonesia,Jawa Barat,Hard commodities,2017,117
Indonesia,Jawa Barat,Logging,2017,103
Indonesia,Jawa Barat,Other natural disturbances,2017,125
Indonesia,Jawa Barat,Permanent agriculture,2017,4109
Indonesia,Jawa Barat,Settlements & Infrastructure,2017,288
Indonesia,Jawa Barat,Shifting cultivation,2017,806
Indonesia,Jawa Barat,Wildfire,2017,2
Indonesia,Jawa Barat,Hard commodities,2018,105
Indonesia,Jawa Barat,Logging,2018,193
Indonesia,Jawa Barat,Other natural disturbances,2018,60
Indonesia,Jawa Barat,Permanent agriculture,2018,3353
Indonesia,Jawa Barat,Settlements & Infrastructure,2018,245
Indonesia,Jawa Barat,Shifting cultivation,2018,498
Indonesia,Jawa Barat,Wildfire,2018,13
Indonesia,Jawa Barat,Hard commodities,2019,152
Indonesia,Jawa Barat,Logging,2019,137
Indonesia,Jawa Barat,Other natural disturbances,2019,33
Indonesia,Jawa Barat,Permanent agriculture,2019,5623
Indonesia,Jawa Barat,Settlements & Infrastructure,2019,262
Indonesia,Jawa Barat,Shifting cultivation,2019,721
Indonesia,Jawa Barat,Wildfire,2019,1
Indonesia,Jawa Barat,Hard commodities,2020,169
Indonesia,Jawa Barat,Logging,2020,59
Indonesia,Jawa Barat,Other natural disturbances,2020,89
Indonesia,Jawa Barat,Permanent agriculture,2020,2411
Indonesia,Jawa Barat,Settlements & Infrastructure,2020,160
Indonesia,Jawa Barat,Shifting cultivation,2020,519
Indonesia,Jawa Barat,Wildfire,2020,24
Indonesia,Jawa Barat,Hard commodities,2021,105
Indonesia,Jawa Barat,Logging,2021,60
Indonesia,Jawa Barat,Other natural disturbances,2021,47
Indonesia,Jawa Barat,Permanent agriculture,2021,1912
Indonesia,Jawa Barat,Settlements & Infrastructure,2021,131
Indonesia,Jawa Barat,Shifting cultivation,2021,284
Indonesia,Jawa Barat,Wildfire,2021,3
Indonesia,Jawa Barat,Hard commodities,2022,98
Indonesia,Jawa Barat,Logging,2022,35
Indonesia,Jawa Barat,Other natural disturbances,2022,69
Indonesia,Jawa Barat,Permanent agriculture,2022,1812
Indonesia,Jawa Barat,Settlements & Infrastructure,2022,180
Indonesia,Jawa Barat,Shifting cultivation,2022,340
Indonesia,Jawa Barat,Wildfire,2022,5
Indonesia,Jawa Barat,Hard commodities,2023,376
Indonesia,Jawa Barat,Logging,2023,107
Indonesia,Jawa Barat,Other natural disturbances,2023,55
Indonesia,Jawa Barat,Permanent agriculture,2023,4239
Indonesia,Jawa Barat,Settlements & Infrastructure,2023,307
Indonesia,Jawa Barat,Shifting cultivation,2023,423
Indonesia,Jawa Barat,Wildfire,2023,20
Indonesia,Jawa Barat,Hard commodities,2024,218
Indonesia,Jawa Barat,Logging,2024,54
Indonesia,Jawa Barat,Other natural disturbances,2024,67
Indonesia,Jawa Barat,Permanent agriculture,2024,3315
Indonesia,Jawa Barat,Settlements & Infrastructure,2024,167
Indonesia,Jawa Barat,Shifting cultivation,2024,547
Indonesia,Jawa Barat,Wildfire,2024,28
Indonesia,Jawa Barat,Hard commodities,2025,199
Indonesia,Jawa Barat,Logging,2025,28
Indonesia,Jawa Barat,Other natural disturbances,2025,107
Indonesia,Jawa Barat,Permanent agriculture,2025,2421
Indonesia,Jawa Barat,Settlements & Infrastructure,2025,132
Indonesia,Jawa Barat,Shifting cultivation,2025,361
Indonesia,Jawa Barat,Wildfire,2025,0
Indonesia,Jawa Tengah,Hard commodities,2001,2
Indonesia,Jawa Tengah,Logging,2001,392
Indonesia,Jawa Tengah,Other natural disturbances,2001,68
Indonesia,Jawa Tengah,Permanent agriculture,2001,1744
Indonesia,Jawa Tengah,Settlements & Infrastructure,2001,131
Indonesia,Jawa Tengah,Shifting cultivation,2001,169
Indonesia,Jawa Tengah,Wildfire,2001,8
Indonesia,Jawa Tengah,Hard commodities,2002,2
Indonesia,Jawa Tengah,Logging,2002,215
Indonesia,Jawa Tengah,Other natural disturbances,2002,57
Indonesia,Jawa Tengah,Permanent agriculture,2002,1322
Indonesia,Jawa Tengah,Settlements & Infrastructure,2002,74
Indonesia,Jawa Tengah,Shifting cultivation,2002,135
Indonesia,Jawa Tengah,Wildfire,2002,3
Indonesia,Jawa Tengah,Hard commodities,2003,0
Indonesia,Jawa Tengah,Logging,2003,127
Indonesia,Jawa Tengah,Other natural disturbances,2003,56
Indonesia,Jawa Tengah,Permanent agriculture,2003,473
Indonesia,Jawa Tengah,Settlements & Infrastructure,2003,25
Indonesia,Jawa Tengah,Shifting cultivation,2003,76
Indonesia,Jawa Tengah,Wildfire,2003,1
Indonesia,Jawa Tengah,Hard commodities,2004,3
Indonesia,Jawa Tengah,Logging,2004,409
Indonesia,Jawa Tengah,Other natural disturbances,2004,119
Indonesia,Jawa Tengah,Permanent agriculture,2004,2579
Indonesia,Jawa Tengah,Settlements & Infrastructure,2004,123
Indonesia,Jawa Tengah,Shifting cultivation,2004,215
Indonesia,Jawa Tengah,Wildfire,2004,5
Indonesia,Jawa Tengah,Hard commodities,2005,16
Indonesia,Jawa Tengah,Logging,2005,100
Indonesia,Jawa Tengah,Other natural disturbances,2005,42
Indonesia,Jawa Tengah,Permanent agriculture,2005,1327
Indonesia,Jawa Tengah,Settlements & Infrastructure,2005,60
Indonesia,Jawa Tengah,Shifting cultivation,2005,97
Indonesia,Jawa Tengah,Wildfire,2005,0
Indonesia,Jawa Tengah,Hard commodities,2006,3
Indonesia,Jawa Tengah,Logging,2006,97
Indonesia,Jawa Tengah,Other natural disturbances,2006,46
Indonesia,Jawa Tengah,Permanent agriculture,2006,3009
Indonesia,Jawa Tengah,Settlements & Infrastructure,2006,120
Indonesia,Jawa Tengah,Shifting cultivation,2006,131
Indonesia,Jawa Tengah,Wildfire,2006,2
Indonesia,Jawa Tengah,Hard commodities,2007,3
Indonesia,Jawa Tengah,Logging,2007,88
Indonesia,Jawa Tengah,Other natural disturbances,2007,60
Indonesia,Jawa Tengah,Permanent agriculture,2007,2459
Indonesia,Jawa Tengah,Settlements & Infrastructure,2007,87
Indonesia,Jawa Tengah,Shifting cultivation,2007,119
Indonesia,Jawa Tengah,Wildfire,2007,6
Indonesia,Jawa Tengah,Hard commodities,2008,1
Indonesia,Jawa Tengah,Logging,2008,35
Indonesia,Jawa Tengah,Other natural disturbances,2008,36
Indonesia,Jawa Tengah,Permanent agriculture,2008,2349
Indonesia,Jawa Tengah,Settlements & Infrastructure,2008,82
Indonesia,Jawa Tengah,Shifting cultivation,2008,79
Indonesia,Jawa Tengah,Wildfire,2008,2
Indonesia,Jawa Tengah,Hard commodities,2009,3
Indonesia,Jawa Tengah,Logging,2009,39
Indonesia,Jawa Tengah,Other natural disturbances,2009,56
Indonesia,Jawa Tengah,Permanent agriculture,2009,2651
Indonesia,Jawa Tengah,Settlements & Infrastructure,2009,151
Indonesia,Jawa Tengah,Shifting cultivation,2009,67
Indonesia,Jawa Tengah,Wildfire,2009,1
Indonesia,Jawa Tengah,Hard commodities,2010,2
Indonesia,Jawa Tengah,Logging,2010,28
Indonesia,Jawa Tengah,Other natural disturbances,2010,27
Indonesia,Jawa Tengah,Permanent agriculture,2010,1102
Indonesia,Jawa Tengah,Settlements & Infrastructure,2010,68
Indonesia,Jawa Tengah,Shifting cultivation,2010,33
Indonesia,Jawa Tengah,Hard commodities,2011,17
Indonesia,Jawa Tengah,Logging,2011,106
Indonesia,Jawa Tengah,Other natural disturbances,2011,61
Indonesia,Jawa Tengah,Permanent agriculture,2011,3919
Indonesia,Jawa Tengah,Settlements & Infrastructure,2011,192
Indonesia,Jawa Tengah,Shifting cultivation,2011,69
Indonesia,Jawa Tengah,Wildfire,2011,1
Indonesia,Jawa Tengah,Hard commodities,2012,4
Indonesia,Jawa Tengah,Logging,2012,86
Indonesia,Jawa Tengah,Other natural disturbances,2012,42
Indonesia,Jawa Tengah,Permanent agriculture,2012,1963
Indonesia,Jawa Tengah,Settlements & Infrastructure,2012,157
Indonesia,Jawa Tengah,Shifting cultivation,2012,74
Indonesia,Jawa Tengah,Wildfire,2012,11
Indonesia,Jawa Tengah,Hard commodities,2013,9
Indonesia,Jawa Tengah,Logging,2013,75
Indonesia,Jawa Tengah,Other natural disturbances,2013,12
Indonesia,Jawa Tengah,Permanent agriculture,2013,960
Indonesia,Jawa Tengah,Settlements & Infrastructure,2013,80
Indonesia,Jawa Tengah,Shifting cultivation,2013,16
Indonesia,Jawa Tengah,Hard commodities,2014,15
Indonesia,Jawa Tengah,Logging,2014,94
Indonesia,Jawa Tengah,Other natural disturbances,2014,20
Indonesia,Jawa Tengah,Permanent agriculture,2014,2492
Indonesia,Jawa Tengah,Settlements & Infrastructure,2014,122
Indonesia,Jawa Tengah,Shifting cultivation,2014,87
Indonesia,Jawa Tengah,Hard commodities,2015,20
Indonesia,Jawa Tengah,Logging,2015,46
Indonesia,Jawa Tengah,Other natural disturbances,2015,8
Indonesia,Jawa Tengah,Permanent agriculture,2015,1572
Indonesia,Jawa Tengah,Settlements & Infrastructure,2015,101
Indonesia,Jawa Tengah,Shifting cultivation,2015,32
Indonesia,Jawa Tengah,Wildfire,2015,0
Indonesia,Jawa Tengah,Hard commodities,2016,19
Indonesia,Jawa Tengah,Logging,2016,102
Indonesia,Jawa Tengah,Other natural disturbances,2016,91
Indonesia,Jawa Tengah,Permanent agriculture,2016,1794
Indonesia,Jawa Tengah,Settlements & Infrastructure,2016,145
Indonesia,Jawa Tengah,Shifting cultivation,2016,86
Indonesia,Jawa Tengah,Wildfire,2016,0
Indonesia,Jawa Tengah,Hard commodities,2017,52
Indonesia,Jawa Tengah,Logging,2017,69
Indonesia,Jawa Tengah,Other natural disturbances,2017,41
Indonesia,Jawa Tengah,Permanent agriculture,2017,2943
Indonesia,Jawa Tengah,Settlements & Infrastructure,2017,245
Indonesia,Jawa Tengah,Shifting cultivation,2017,37
Indonesia,Jawa Tengah,Wildfire,2017,0
Indonesia,Jawa Tengah,Hard commodities,2018,16
Indonesia,Jawa Tengah,Logging,2018,30
Indonesia,Jawa Tengah,Other natural disturbances,2018,33
Indonesia,Jawa Tengah,Permanent agriculture,2018,2250
Indonesia,Jawa Tengah,Settlements & Infrastructure,2018,159
Indonesia,Jawa Tengah,Shifting cultivation,2018,51
Indonesia,Jawa Tengah,Wildfire,2018,1
Indonesia,Jawa Tengah,Hard commodities,2019,13
Indonesia,Jawa Tengah,Logging,2019,60
Indonesia,Jawa Tengah,Other natural disturbances,2019,32
Indonesia,Jawa Tengah,Permanent agriculture,2019,2396
Indonesia,Jawa Tengah,Settlements & Infrastructure,2019,142
Indonesia,Jawa Tengah,Shifting cultivation,2019,85
Indonesia,Jawa Tengah,Wildfire,2019,1
Indonesia,Jawa Tengah,Hard commodities,2020,10
Indonesia,Jawa Tengah,Logging,2020,123
Indonesia,Jawa Tengah,Other natural disturbances,2020,93
Indonesia,Jawa Tengah,Permanent agriculture,2020,2286
Indonesia,Jawa Tengah,Settlements & Infrastructure,2020,103
Indonesia,Jawa Tengah,Shifting cultivation,2020,98
Indonesia,Jawa Tengah,Hard commodities,2021,58
Indonesia,Jawa Tengah,Logging,2021,66
Indonesia,Jawa Tengah,Other natural disturbances,2021,65
Indonesia,Jawa Tengah,Permanent agriculture,2021,1708
Indonesia,Jawa Tengah,Settlements & Infrastructure,2021,120
Indonesia,Jawa Tengah,Shifting cultivation,2021,48
Indonesia,Jawa Tengah,Hard commodities,2022,14
Indonesia,Jawa Tengah,Logging,2022,72
Indonesia,Jawa Tengah,Other natural disturbances,2022,41
Indonesia,Jawa Tengah,Permanent agriculture,2022,1731
Indonesia,Jawa Tengah,Settlements & Infrastructure,2022,108
Indonesia,Jawa Tengah,Shifting cultivation,2022,77
Indonesia,Jawa Tengah,Hard commodities,2023,34
Indonesia,Jawa Tengah,Logging,2023,130
Indonesia,Jawa Tengah,Other natural disturbances,2023,21
Indonesia,Jawa Tengah,Permanent agriculture,2023,4103
Indonesia,Jawa Tengah,Settlements & Infrastructure,2023,341
Indonesia,Jawa Tengah,Shifting cultivation,2023,57
Indonesia,Jawa Tengah,Hard commodities,2024,13
Indonesia,Jawa Tengah,Logging,2024,123
Indonesia,Jawa Tengah,Other natural disturbances,2024,73
Indonesia,Jawa Tengah,Permanent agriculture,2024,2328
Indonesia,Jawa Tengah,Settlements & Infrastructure,2024,137
Indonesia,Jawa Tengah,Shifting cultivation,2024,72
Indonesia,Jawa Tengah,Wildfire,2024,0
Indonesia,Jawa Tengah,Hard commodities,2025,11
Indonesia,Jawa Tengah,Logging,2025,106
Indonesia,Jawa Tengah,Other natural disturbances,2025,36
Indonesia,Jawa Tengah,Permanent agriculture,2025,2053
Indonesia,Jawa Tengah,Settlements & Infrastructure,2025,96
Indonesia,Jawa Tengah,Shifting cultivation,2025,72
Indonesia,Jawa Timur,Hard commodities,2001,3
Indonesia,Jawa Timur,Logging,2001,184
Indonesia,Jawa Timur,Other natural disturbances,2001,152
Indonesia,Jawa Timur,Permanent agriculture,2001,3192
Indonesia,Jawa Timur,Settlements & Infrastructure,2001,87
Indonesia,Jawa Timur,Shifting cultivation,2001,427
Indonesia,Jawa Timur,Wildfire,2001,8
Indonesia,Jawa Timur,Hard commodities,2002,19
Indonesia,Jawa Timur,Logging,2002,234
Indonesia,Jawa Timur,Other natural disturbances,2002,143
Indonesia,Jawa Timur,Permanent agriculture,2002,3211
Indonesia,Jawa Timur,Settlements & Infrastructure,2002,38
Indonesia,Jawa Timur,Shifting cultivation,2002,319
Indonesia,Jawa Timur,Wildfire,2002,4
Indonesia,Jawa Timur,Hard commodities,2003,0
Indonesia,Jawa Timur,Logging,2003,275
Indonesia,Jawa Timur,Other natural disturbances,2003,333
Indonesia,Jawa Timur,Permanent agriculture,2003,1833
Indonesia,Jawa Timur,Settlements & Infrastructure,2003,21
Indonesia,Jawa Timur,Shifting cultivation,2003,348
Indonesia,Jawa Timur,Wildfire,2003,49
Indonesia,Jawa Timur,Hard commodities,2004,1
Indonesia,Jawa Timur,Logging,2004,672
Indonesia,Jawa Timur,Other natural disturbances,2004,162
Indonesia,Jawa Timur,Permanent agriculture,2004,4972
Indonesia,Jawa Timur,Settlements & Infrastructure,2004,67
Indonesia,Jawa Timur,Shifting cultivation,2004,442
Indonesia,Jawa Timur,Wildfire,2004,20
Indonesia,Jawa Timur,Hard commodities,2005,2
Indonesia,Jawa Timur,Logging,2005,119
Indonesia,Jawa Timur,Other natural disturbances,2005,80
Indonesia,Jawa Timur,Permanent agriculture,2005,2336
Indonesia,Jawa Timur,Settlements & Infrastructure,2005,43
Indonesia,Jawa Timur,Shifting cultivation,2005,179
Indonesia,Jawa Timur,Wildfire,2005,4
Indonesia,Jawa Timur,Hard commodities,2006,12
Indonesia,Jawa Timur,Logging,2006,119
Indonesia,Jawa Timur,Other natural disturbances,2006,76
Indonesia,Jawa Timur,Permanent agriculture,2006,5030
Indonesia,Jawa Timur,Settlements & Infrastructure,2006,79
Indonesia,Jawa Timur,Shifting cultivation,2006,342
Indonesia,Jawa Timur,Wildfire,2006,2
Indonesia,Jawa Timur,Hard commodities,2007,2
Indonesia,Jawa Timur,Logging,2007,397
Indonesia,Jawa Timur,Other natural disturbances,2007,102
Indonesia,Jawa Timur,Permanent agriculture,2007,3460
Indonesia,Jawa Timur,Settlements & Infrastructure,2007,64
Indonesia,Jawa Timur,Shifting cultivation,2007,316
Indonesia,Jawa Timur,Wildfire,2007,5
Indonesia,Jawa Timur,Hard commodities,2008,3
Indonesia,Jawa Timur,Logging,2008,209
Indonesia,Jawa Timur,Other natural disturbances,2008,65
Indonesia,Jawa Timur,Permanent agriculture,2008,3333
Indonesia,Jawa Timur,Settlements & Infrastructure,2008,70
Indonesia,Jawa Timur,Shifting cultivation,2008,219
Indonesia,Jawa Timur,Wildfire,2008,3
Indonesia,Jawa Timur,Hard commodities,2009,2
Indonesia,Jawa Timur,Logging,2009,233
Indonesia,Jawa Timur,Other natural disturbances,2009,130
Indonesia,Jawa Timur,Permanent agriculture,2009,3403
Indonesia,Jawa Timur,Settlements & Infrastructure,2009,91
Indonesia,Jawa Timur,Shifting cultivation,2009,309
Indonesia,Jawa Timur,Wildfire,2009,8
Indonesia,Jawa Timur,Hard commodities,2010,1
Indonesia,Jawa Timur,Logging,2010,64
Indonesia,Jawa Timur,Other natural disturbances,2010,80
Indonesia,Jawa Timur,Permanent agriculture,2010,1201
Indonesia,Jawa Timur,Settlements & Infrastructure,2010,53
Indonesia,Jawa Timur,Shifting cultivation,2010,178
Indonesia,Jawa Timur,Wildfire,2010,5
Indonesia,Jawa Timur,Hard commodities,2011,7
Indonesia,Jawa Timur,Logging,2011,169
Indonesia,Jawa Timur,Other natural disturbances,2011,78
Indonesia,Jawa Timur,Permanent agriculture,2011,5199
Indonesia,Jawa Timur,Settlements & Infrastructure,2011,68
Indonesia,Jawa Timur,Shifting cultivation,2011,181
Indonesia,Jawa Timur,Wildfire,2011,14
Indonesia,Jawa Timur,Hard commodities,2012,22
Indonesia,Jawa Timur,Logging,2012,125
Indonesia,Jawa Timur,Other natural disturbances,2012,202
Indonesia,Jawa Timur,Permanent agriculture,2012,7157
Indonesia,Jawa Timur,Settlements & Infrastructure,2012,127
Indonesia,Jawa Timur,Shifting cultivation,2012,482
Indonesia,Jawa Timur,Wildfire,2012,21
Indonesia,Jawa Timur,Hard commodities,2013,11
Indonesia,Jawa Timur,Logging,2013,51
Indonesia,Jawa Timur,Other natural disturbances,2013,62
Indonesia,Jawa Timur,Permanent agriculture,2013,2461
Indonesia,Jawa Timur,Settlements & Infrastructure,2013,24
Indonesia,Jawa Timur,Shifting cultivation,2013,91
Indonesia,Jawa Timur,Wildfire,2013,4
Indonesia,Jawa Timur,Hard commodities,2014,9
Indonesia,Jawa Timur,Logging,2014,117
Indonesia,Jawa Timur,Other natural disturbances,2014,148
Indonesia,Jawa Timur,Permanent agriculture,2014,5957
Indonesia,Jawa Timur,Settlements & Infrastructure,2014,48
Indonesia,Jawa Timur,Shifting cultivation,2014,406
Indonesia,Jawa Timur,Wildfire,2014,8
Indonesia,Jawa Timur,Hard commodities,2015,6
Indonesia,Jawa Timur,Logging,2015,66
Indonesia,Jawa Timur,Other natural disturbances,2015,8
Indonesia,Jawa Timur,Permanent agriculture,2015,2641
Indonesia,Jawa Timur,Settlements & Infrastructure,2015,31
Indonesia,Jawa Timur,Shifting cultivation,2015,109
Indonesia,Jawa Timur,Wildfire,2015,4
Indonesia,Jawa Timur,Hard commodities,2016,199
Indonesia,Jawa Timur,Logging,2016,53
Indonesia,Jawa Timur,Other natural disturbances,2016,169
Indonesia,Jawa Timur,Permanent agriculture,2016,2268
Indonesia,Jawa Timur,Settlements & Infrastructure,2016,34
Indonesia,Jawa Timur,Shifting cultivation,2016,289
Indonesia,Jawa Timur,Wildfire,2016,137
Indonesia,Jawa Timur,Hard commodities,2017,132
Indonesia,Jawa Timur,Logging,2017,28
Indonesia,Jawa Timur,Other natural disturbances,2017,83
Indonesia,Jawa Timur,Permanent agriculture,2017,4119
Indonesia,Jawa Timur,Settlements & Infrastructure,2017,86
Indonesia,Jawa Timur,Shifting cultivation,2017,161
Indonesia,Jawa Timur,Wildfire,2017,29
Indonesia,Jawa Timur,Hard commodities,2018,81
Indonesia,Jawa Timur,Logging,2018,52
Indonesia,Jawa Timur,Other natural disturbances,2018,31
Indonesia,Jawa Timur,Permanent agriculture,2018,3920
Indonesia,Jawa Timur,Settlements & Infrastructure,2018,82
Indonesia,Jawa Timur,Shifting cultivation,2018,87
Indonesia,Jawa Timur,Wildfire,2018,0
Indonesia,Jawa Timur,Hard commodities,2019,46
Indonesia,Jawa Timur,Logging,2019,34
Indonesia,Jawa Timur,Other natural disturbances,2019,150
Indonesia,Jawa Timur,Permanent agriculture,2019,4497
Indonesia,Jawa Timur,Settlements & Infrastructure,2019,46
Indonesia,Jawa Timur,Shifting cultivation,2019,237
Indonesia,Jawa Timur,Wildfire,2019,67
Indonesia,Jawa Timur,Hard commodities,2020,14
Indonesia,Jawa Timur,Logging,2020,32
Indonesia,Jawa Timur,Other natural disturbances,2020,674
Indonesia,Jawa Timur,Permanent agriculture,2020,3458
Indonesia,Jawa Timur,Settlements & Infrastructure,2020,65
Indonesia,Jawa Timur,Shifting cultivation,2020,485
Indonesia,Jawa Timur,Wildfire,2020,157
Indonesia,Jawa Timur,Hard commodities,2021,19
Indonesia,Jawa Timur,Logging,2021,42
Indonesia,Jawa Timur,Other natural disturbances,2021,111
Indonesia,Jawa Timur,Permanent agriculture,2021,3128
Indonesia,Jawa Timur,Settlements & Infrastructure,2021,54
Indonesia,Jawa Timur,Shifting cultivation,2021,119
Indonesia,Jawa Timur,Wildfire,2021,9
Indonesia,Jawa Timur,Hard commodities,2022,43
Indonesia,Jawa Timur,Logging,2022,39
Indonesia,Jawa Timur,Other natural disturbances,2022,127
Indonesia,Jawa Timur,Permanent agriculture,2022,2562
Indonesia,Jawa Timur,Settlements & Infrastructure,2022,34
Indonesia,Jawa Timur,Shifting cultivation,2022,87
Indonesia,Jawa Timur,Wildfire,2022,0
Indonesia,Jawa Timur,Hard commodities,2023,68
Indonesia,Jawa Timur,Logging,2023,100
Indonesia,Jawa Timur,Other natural disturbances,2023,31
Indonesia,Jawa Timur,Permanent agriculture,2023,5774
Indonesia,Jawa Timur,Settlements & Infrastructure,2023,156
Indonesia,Jawa Timur,Shifting cultivation,2023,130
Indonesia,Jawa Timur,Wildfire,2023,27
Indonesia,Jawa Timur,Hard commodities,2024,109
Indonesia,Jawa Timur,Logging,2024,27
Indonesia,Jawa Timur,Other natural disturbances,2024,59
Indonesia,Jawa Timur,Permanent agriculture,2024,4014
Indonesia,Jawa Timur,Settlements & Infrastructure,2024,73
Indonesia,Jawa Timur,Shifting cultivation,2024,148
Indonesia,Jawa Timur,Wildfire,2024,44
Indonesia,Jawa Timur,Hard commodities,2025,39
Indonesia,Jawa Timur,Logging,2025,61
Indonesia,Jawa Timur,Other natural disturbances,2025,93
Indonesia,Jawa Timur,Permanent agriculture,2025,3506
Indonesia,Jawa Timur,Settlements & Infrastructure,2025,54
Indonesia,Jawa Timur,Shifting cultivation,2025,214
Indonesia,Jawa Timur,Wildfire,2025,124
Indonesia,Kalimantan Barat,Hard commodities,2001,710
Indonesia,Kalimantan Barat,Logging,2001,3579
Indonesia,Kalimantan Barat,Other natural disturbances,2001,441
Indonesia,Kalimantan Barat,Permanent agriculture,2001,56582
Indonesia,Kalimantan Barat,Settlements & Infrastructure,2001,172
Indonesia,Kalimantan Barat,Shifting cultivation,2001,15096
Indonesia,Kalimantan Barat,Wildfire,2001,1264
Indonesia,Kalimantan Barat,Hard commodities,2002,1202
Indonesia,Kalimantan Barat,Logging,2002,3964
Indonesia,Kalimantan Barat,Other natural disturbances,2002,957
Indonesia,Kalimantan Barat,Permanent agriculture,2002,71000
Indonesia,Kalimantan Barat,Settlements & Infrastructure,2002,296
Indonesia,Kalimantan Barat,Shifting cultivation,2002,16124
Indonesia,Kalimantan Barat,Wildfire,2002,3261
Indonesia,Kalimantan Barat,Hard commodities,2003,762
Indonesia,Kalimantan Barat,Logging,2003,3379
Indonesia,Kalimantan Barat,Other natural disturbances,2003,213
Indonesia,Kalimantan Barat,Permanent agriculture,2003,36852
Indonesia,Kalimantan Barat,Settlements & Infrastructure,2003,99
Indonesia,Kalimantan Barat,Shifting cultivation,2003,13177
Indonesia,Kalimantan Barat,Wildfire,2003,1439
Indonesia,Kalimantan Barat,Hard commodities,2004,1489
Indonesia,Kalimantan Barat,Logging,2004,5452
Indonesia,Kalimantan Barat,Other natural disturbances,2004,753
Indonesia,Kalimantan Barat,Permanent agriculture,2004,83424
Indonesia,Kalimantan Barat,Settlements & Infrastructure,2004,366
Indonesia,Kalimantan Barat,Shifting cultivation,2004,19815
Indonesia,Kalimantan Barat,Wildfire,2004,2543
Indonesia,Kalimantan Barat,Hard commodities,2005,1099
Indonesia,Kalimantan Barat,Logging,2005,4409
Indonesia,Kalimantan Barat,Other natural disturbances,2005,662
Indonesia,Kalimantan Barat,Permanent agriculture,2005,81346
Indonesia,Kalimantan Barat,Settlements & Infrastructure,2005,242
Indonesia,Kalimantan Barat,Shifting cultivation,2005,14696
Indonesia,Kalimantan Barat,Wildfire,2005,2052
Indonesia,Kalimantan Barat,Hard commodities,2006,1540
Indonesia,Kalimantan Barat,Logging,2006,4205
Indonesia,Kalimantan Barat,Other natural disturbances,2006,1194
Indonesia,Kalimantan Barat,Permanent agriculture,2006,101056
Indonesia,Kalimantan Barat,Settlements & Infrastructure,2006,273
Indonesia,Kalimantan Barat,Shifting cultivation,2006,15651
Indonesia,Kalimantan Barat,Wildfire,2006,6946
Indonesia,Kalimantan Barat,Hard commodities,2007,1223
Indonesia,Kalimantan Barat,Logging,2007,3963
Indonesia,Kalimantan Barat,Other natural disturbances,2007,987
Indonesia,Kalimantan Barat,Permanent agriculture,2007,102642
Indonesia,Kalimantan Barat,Settlements & Infrastructure,2007,265
Indonesia,Kalimantan Barat,Shifting cultivation,2007,8906
Indonesia,Kalimantan Barat,Wildfire,2007,14041
Indonesia,Kalimantan Barat,Hard commodities,2008,2498
Indonesia,Kalimantan Barat,Logging,2008,4967
Indonesia,Kalimantan Barat,Other natural disturbances,2008,596
Indonesia,Kalimantan Barat,Permanent agriculture,2008,175317
Indonesia,Kalimantan Barat,Settlements & Infrastructure,2008,468
Indonesia,Kalimantan Barat,Shifting cultivation,2008,15850
Indonesia,Kalimantan Barat,Wildfire,2008,2950
Indonesia,Kalimantan Barat,Hard commodities,2009,3778
Indonesia,Kalimantan Barat,Logging,2009,6837
Indonesia,Kalimantan Barat,Other natural disturbances,2009,2799
Indonesia,Kalimantan Barat,Permanent agriculture,2009,241494
Indonesia,Kalimantan Barat,Settlements & Infrastructure,2009,482
Indonesia,Kalimantan Barat,Shifting cultivation,2009,25245
Indonesia,Kalimantan Barat,Wildfire,2009,7897
Indonesia,Kalimantan Barat,Hard commodities,2010,2656
Indonesia,Kalimantan Barat,Logging,2010,3773
Indonesia,Kalimantan Barat,Other natural disturbances,2010,233
Indonesia,Kalimantan Barat,Permanent agriculture,2010,135296
Indonesia,Kalimantan Barat,Settlements & Infrastructure,2010,281
Indonesia,Kalimantan Barat,Shifting cultivation,2010,6430
Indonesia,Kalimantan Barat,Wildfire,2010,3785
Indonesia,Kalimantan Barat,Hard commodities,2011,3450
Indonesia,Kalimantan Barat,Logging,2011,17848
Indonesia,Kalimantan Barat,Other natural disturbances,2011,2821
Indonesia,Kalimantan Barat,Permanent agriculture,2011,220582
Indonesia,Kalimantan Barat,Settlements & Infrastructure,2011,467
Indonesia,Kalimantan Barat,Shifting cultivation,2011,12254
Indonesia,Kalimantan Barat,Wildfire,2011,4941
Indonesia,Kalimantan Barat,Hard commodities,2012,3388
Indonesia,Kalimantan Barat,Logging,2012,14219
Indonesia,Kalimantan Barat,Other natural disturbances,2012,4190
Indonesia,Kalimantan Barat,Permanent agriculture,2012,251982
Indonesia,Kalimantan Barat,Settlements & Infrastructure,2012,535
Indonesia,Kalimantan Barat,Shifting cultivation,2012,23360
Indonesia,Kalimantan Barat,Wildfire,2012,14501
Indonesia,Kalimantan Barat,Hard commodities,2013,2277
Indonesia,Kalimantan Barat,Logging,2013,12623
Indonesia,Kalimantan Barat,Other natural disturbances,2013,560
Indonesia,Kalimantan Barat,Permanent agriculture,2013,159297
Indonesia,Kalimantan Barat,Settlements & Infrastructure,2013,341
Indonesia,Kalimantan Barat,Shifting cultivation,2013,17441
Indonesia,Kalimantan Barat,Wildfire,2013,6921
Indonesia,Kalimantan Barat,Hard commodities,2014,2884
Indonesia,Kalimantan Barat,Logging,2014,9907
Indonesia,Kalimantan Barat,Other natural disturbances,2014,1763
Indonesia,Kalimantan Barat,Permanent agriculture,2014,225377
Indonesia,Kalimantan Barat,Settlements & Infrastructure,2014,568
Indonesia,Kalimantan Barat,Shifting cultivation,2014,26290
Indonesia,Kalimantan Barat,Wildfire,2014,24536
Indonesia,Kalimantan Barat,Hard commodities,2015,2581
Indonesia,Kalimantan Barat,Logging,2015,9799
Indonesia,Kalimantan Barat,Other natural disturbances,2015,1994
Indonesia,Kalimantan Barat,Permanent agriculture,2015,176513
Indonesia,Kalimantan Barat,Settlements & Infrastructure,2015,376
Indonesia,Kalimantan Barat,Shifting cultivation,2015,25473
Indonesia,Kalimantan Barat,Wildfire,2015,50893
Indonesia,Kalimantan Barat,Hard commodities,2016,2450
Indonesia,Kalimantan Barat,Logging,2016,10669
Indonesia,Kalimantan Barat,Other natural disturbances,2016,1708
Indonesia,Kalimantan Barat,Permanent agriculture,2016,196700
Indonesia,Kalimantan Barat,Settlements & Infrastructure,2016,663
Indonesia,Kalimantan Barat,Shifting cultivation,2016,38242
Indonesia,Kalimantan Barat,Wildfire,2016,35769
Indonesia,Kalimantan Barat,Hard commodities,2017,1777
Indonesia,Kalimantan Barat,Logging,2017,10581
Indonesia,Kalimantan Barat,Other natural disturbances,2017,837
Indonesia,Kalimantan Barat,Permanent agriculture,2017,137219
Indonesia,Kalimantan Barat,Settlements & Infrastructure,2017,522
Indonesia,Kalimantan Barat,Shifting cultivation,2017,26485
Indonesia,Kalimantan Barat,Wildfire,2017,3760
Indonesia,Kalimantan Barat,Hard commodities,2018,1783
Indonesia,Kalimantan Barat,Logging,2018,6523
Indonesia,Kalimantan Barat,Other natural disturbances,2018,1265
Indonesia,Kalimantan Barat,Permanent agriculture,2018,118799
Indonesia,Kalimantan Barat,Settlements & Infrastructure,2018,388
Indonesia,Kalimantan Barat,Shifting cultivation,2018,26090
Indonesia,Kalimantan Barat,Wildfire,2018,4403
Indonesia,Kalimantan Barat,Hard commodities,2019,2060
Indonesia,Kalimantan Barat,Logging,2019,6717
Indonesia,Kalimantan Barat,Other natural disturbances,2019,946
Indonesia,Kalimantan Barat,Permanent agriculture,2019,99009
Indonesia,Kalimantan Barat,Settlements & Infrastructure,2019,337
Indonesia,Kalimantan Barat,Shifting cultivation,2019,20568
Indonesia,Kalimantan Barat,Wildfire,2019,13421
Indonesia,Kalimantan Barat,Hard commodities,2020,2045
Indonesia,Kalimantan Barat,Logging,2020,8660
Indonesia,Kalimantan Barat,Other natural disturbances,2020,461
Indonesia,Kalimantan Barat,Permanent agriculture,2020,84399
Indonesia,Kalimantan Barat,Settlements & Infrastructure,2020,199
Indonesia,Kalimantan Barat,Shifting cultivation,2020,19406
Indonesia,Kalimantan Barat,Wildfire,2020,6706
Indonesia,Kalimantan Barat,Hard commodities,2021,3101
Indonesia,Kalimantan Barat,Logging,2021,5460
Indonesia,Kalimantan Barat,Other natural disturbances,2021,690
Indonesia,Kalimantan Barat,Permanent agriculture,2021,80466
Indonesia,Kalimantan Barat,Settlements & Infrastructure,2021,276
Indonesia,Kalimantan Barat,Shifting cultivation,2021,16764
Indonesia,Kalimantan Barat,Wildfire,2021,2184
Indonesia,Kalimantan Barat,Hard commodities,2022,3132
Indonesia,Kalimantan Barat,Logging,2022,7562
Indonesia,Kalimantan Barat,Other natural disturbances,2022,562
Indonesia,Kalimantan Barat,Permanent agriculture,2022,104439
Indonesia,Kalimantan Barat,Settlements & Infrastructure,2022,283
Indonesia,Kalimantan Barat,Shifting cultivation,2022,14144
Indonesia,Kalimantan Barat,Wildfire,2022,7307
Indonesia,Kalimantan Barat,Hard commodities,2023,2814
Indonesia,Kalimantan Barat,Logging,2023,21401
Indonesia,Kalimantan Barat,Other natural disturbances,2023,457
Indonesia,Kalimantan Barat,Permanent agriculture,2023,149507
Indonesia,Kalimantan Barat,Settlements & Infrastructure,2023,377
Indonesia,Kalimantan Barat,Shifting cultivation,2023,22634
Indonesia,Kalimantan Barat,Wildfire,2023,9489
Indonesia,Kalimantan Barat,Hard commodities,2024,1987
Indonesia,Kalimantan Barat,Logging,2024,13855
Indonesia,Kalimantan Barat,Other natural disturbances,2024,424
Indonesia,Kalimantan Barat,Permanent agriculture,2024,132119
Indonesia,Kalimantan Barat,Settlements & Infrastructure,2024,284
Indonesia,Kalimantan Barat,Shifting cultivation,2024,20112
Indonesia,Kalimantan Barat,Wildfire,2024,5106
Indonesia,Kalimantan Barat,Hard commodities,2025,2431
Indonesia,Kalimantan Barat,Logging,2025,8983
Indonesia,Kalimantan Barat,Other natural disturbances,2025,476
Indonesia,Kalimantan Barat,Permanent agriculture,2025,115486
Indonesia,Kalimantan Barat,Settlements & Infrastructure,2025,324
Indonesia,Kalimantan Barat,Shifting cultivation,2025,17000
Indonesia,Kalimantan Barat,Wildfire,2025,3342
Indonesia,Kalimantan Selatan,Hard commodities,2001,1592
Indonesia,Kalimantan Selatan,Logging,2001,489
Indonesia,Kalimantan Selatan,Other natural disturbances,2001,289
Indonesia,Kalimantan Selatan,Permanent agriculture,2001,14736
Indonesia,Kalimantan Selatan,Settlements & Infrastructure,2001,99
Indonesia,Kalimantan Selatan,Shifting cultivation,2001,1569
Indonesia,Kalimantan Selatan,Wildfire,2001,170
Indonesia,Kalimantan Selatan,Hard commodities,2002,1701
Indonesia,Kalimantan Selatan,Logging,2002,738
Indonesia,Kalimantan Selatan,Other natural disturbances,2002,215
Indonesia,Kalimantan Selatan,Permanent agriculture,2002,19164
Indonesia,Kalimantan Selatan,Settlements & Infrastructure,2002,152
Indonesia,Kalimantan Selatan,Shifting cultivation,2002,2014
Indonesia,Kalimantan Selatan,Wildfire,2002,316
Indonesia,Kalimantan Selatan,Hard commodities,2003,1600
Indonesia,Kalimantan Selatan,Logging,2003,824
Indonesia,Kalimantan Selatan,Other natural disturbances,2003,322
Indonesia,Kalimantan Selatan,Permanent agriculture,2003,13200
Indonesia,Kalimantan Selatan,Settlements & Infrastructure,2003,120
Indonesia,Kalimantan Selatan,Shifting cultivation,2003,1442
Indonesia,Kalimantan Selatan,Wildfire,2003,873
Indonesia,Kalimantan Selatan,Hard commodities,2004,4563
Indonesia,Kalimantan Selatan,Logging,2004,997
Indonesia,Kalimantan Selatan,Other natural disturbances,2004,486
Indonesia,Kalimantan Selatan,Permanent agriculture,2004,31246
Indonesia,Kalimantan Selatan,Settlements & Infrastructure,2004,246
Indonesia,Kalimantan Selatan,Shifting cultivation,2004,3232
Indonesia,Kalimantan Selatan,Wildfire,2004,1070
Indonesia,Kalimantan Selatan,Hard commodities,2005,2110
Indonesia,Kalimantan Selatan,Logging,2005,855
Indonesia,Kalimantan Selatan,Other natural disturbances,2005,311
Indonesia,Kalimantan Selatan,Permanent agriculture,2005,19775
Indonesia,Kalimantan Selatan,Settlements & Infrastructure,2005,246
Indonesia,Kalimantan Selatan,Shifting cultivation,2005,1708
Indonesia,Kalimantan Selatan,Wildfire,2005,370
Indonesia,Kalimantan Selatan,Hard commodities,2006,4076
Indonesia,Kalimantan Selatan,Logging,2006,1054
Indonesia,Kalimantan Selatan,Other natural disturbances,2006,448
Indonesia,Kalimantan Selatan,Permanent agriculture,2006,43037
Indonesia,Kalimantan Selatan,Settlements & Infrastructure,2006,443
Indonesia,Kalimantan Selatan,Shifting cultivation,2006,3842
Indonesia,Kalimantan Selatan,Wildfire,2006,1077
Indonesia,Kalimantan Selatan,Hard commodities,2007,2814
Indonesia,Kalimantan Selatan,Logging,2007,800
Indonesia,Kalimantan Selatan,Other natural disturbances,2007,398
Indonesia,Kalimantan Selatan,Permanent agriculture,2007,22037
Indonesia,Kalimantan Selatan,Settlements & Infrastructure,2007,279
Indonesia,Kalimantan Selatan,Shifting cultivation,2007,2405
Indonesia,Kalimantan Selatan,Wildfire,2007,831
Indonesia,Kalimantan Selatan,Hard commodities,2008,1886
Indonesia,Kalimantan Selatan,Logging,2008,476
Indonesia,Kalimantan Selatan,Other natural disturbances,2008,288
Indonesia,Kalimantan Selatan,Permanent agriculture,2008,14333
Indonesia,Kalimantan Selatan,Settlements & Infrastructure,2008,174
Indonesia,Kalimantan Selatan,Shifting cultivation,2008,904
Indonesia,Kalimantan Selatan,Wildfire,2008,619
Indonesia,Kalimantan Selatan,Hard commodities,2009,5156
Indonesia,Kalimantan Selatan,Logging,2009,1120
Indonesia,Kalimantan Selatan,Other natural disturbances,2009,611
Indonesia,Kalimantan Selatan,Permanent agriculture,2009,46150
Indonesia,Kalimantan Selatan,Settlements & Infrastructure,2009,682
Indonesia,Kalimantan Selatan,Shifting cultivation,2009,4544
Indonesia,Kalimantan Selatan,Wildfire,2009,2164
Indonesia,Kalimantan Selatan,Hard commodities,2010,2931
Indonesia,Kalimantan Selatan,Logging,2010,240
Indonesia,Kalimantan Selatan,Other natural disturbances,2010,160
Indonesia,Kalimantan Selatan,Permanent agriculture,2010,21128
Indonesia,Kalimantan Selatan,Settlements & Infrastructure,2010,227
Indonesia,Kalimantan Selatan,Shifting cultivation,2010,508
Indonesia,Kalimantan Selatan,Wildfire,2010,986
Indonesia,Kalimantan Selatan,Hard commodities,2011,6336
Indonesia,Kalimantan Selatan,Logging,2011,410
Indonesia,Kalimantan Selatan,Other natural disturbances,2011,479
Indonesia,Kalimantan Selatan,Permanent agriculture,2011,36577
Indonesia,Kalimantan Selatan,Settlements & Infrastructure,2011,406
Indonesia,Kalimantan Selatan,Shifting cultivation,2011,2922
Indonesia,Kalimantan Selatan,Wildfire,2011,1095
Indonesia,Kalimantan Selatan,Hard commodities,2012,6431
Indonesia,Kalimantan Selatan,Logging,2012,906
Indonesia,Kalimantan Selatan,Other natural disturbances,2012,399
Indonesia,Kalimantan Selatan,Permanent agriculture,2012,51639
Indonesia,Kalimantan Selatan,Settlements & Infrastructure,2012,439
Indonesia,Kalimantan Selatan,Shifting cultivation,2012,2782
Indonesia,Kalimantan Selatan,Wildfire,2012,4141
Indonesia,Kalimantan Selatan,Hard commodities,2013,3244
Indonesia,Kalimantan Selatan,Logging,2013,631
Indonesia,Kalimantan Selatan,Other natural disturbances,2013,69
Indonesia,Kalimantan Selatan,Permanent agriculture,2013,29074
Indonesia,Kalimantan Selatan,Settlements & Infrastructure,2013,88
Indonesia,Kalimantan Selatan,Shifting cultivation,2013,2210
Indonesia,Kalimantan Selatan,Wildfire,2013,633
Indonesia,Kalimantan Selatan,Hard commodities,2014,6277
Indonesia,Kalimantan Selatan,Logging,2014,696
Indonesia,Kalimantan Selatan,Other natural disturbances,2014,377
Indonesia,Kalimantan Selatan,Permanent agriculture,2014,52511
Indonesia,Kalimantan Selatan,Settlements & Infrastructure,2014,292
Indonesia,Kalimantan Selatan,Shifting cultivation,2014,4482
Indonesia,Kalimantan Selatan,Wildfire,2014,1714
Indonesia,Kalimantan Selatan,Hard commodities,2015,5156
Indonesia,Kalimantan Selatan,Logging,2015,1364
Indonesia,Kalimantan Selatan,Other natural disturbances,2015,746
Indonesia,Kalimantan Selatan,Permanent agriculture,2015,54325
Indonesia,Kalimantan Selatan,Settlements & Infrastructure,2015,311
Indonesia,Kalimantan Selatan,Shifting cultivation,2015,4027
Indonesia,Kalimantan Selatan,Wildfire,2015,7420
Indonesia,Kalimantan Selatan,Hard commodities,2016,3079
Indonesia,Kalimantan Selatan,Logging,2016,2616
Indonesia,Kalimantan Selatan,Other natural disturbances,2016,709
Indonesia,Kalimantan Selatan,Permanent agriculture,2016,35482
Indonesia,Kalimantan Selatan,Settlements & Infrastructure,2016,332
Indonesia,Kalimantan Selatan,Shifting cultivation,2016,4720
Indonesia,Kalimantan Selatan,Wildfire,2016,18766
Indonesia,Kalimantan Selatan,Hard commodities,2017,2031
Indonesia,Kalimantan Selatan,Logging,2017,661
Indonesia,Kalimantan Selatan,Other natural disturbances,2017,227
Indonesia,Kalimantan Selatan,Permanent agriculture,2017,28721
Indonesia,Kalimantan Selatan,Settlements & Infrastructure,2017,195
Indonesia,Kalimantan Selatan,Shifting cultivation,2017,4943
Indonesia,Kalimantan Selatan,Wildfire,2017,658
Indonesia,Kalimantan Selatan,Hard commodities,2018,3077
Indonesia,Kalimantan Selatan,Logging,2018,458
Indonesia,Kalimantan Selatan,Other natural disturbances,2018,209
Indonesia,Kalimantan Selatan,Permanent agriculture,2018,29846
Indonesia,Kalimantan Selatan,Settlements & Infrastructure,2018,145
Indonesia,Kalimantan Selatan,Shifting cultivation,2018,3536
Indonesia,Kalimantan Selatan,Wildfire,2018,295
Indonesia,Kalimantan Selatan,Hard commodities,2019,3897
Indonesia,Kalimantan Selatan,Logging,2019,1208
Indonesia,Kalimantan Selatan,Other natural disturbances,2019,369
Indonesia,Kalimantan Selatan,Permanent agriculture,2019,33670
Indonesia,Kalimantan Selatan,Settlements & Infrastructure,2019,213
Indonesia,Kalimantan Selatan,Shifting cultivation,2019,3725
Indonesia,Kalimantan Selatan,Wildfire,2019,1240
Indonesia,Kalimantan Selatan,Hard commodities,2020,1342
Indonesia,Kalimantan Selatan,Logging,2020,614
Indonesia,Kalimantan Selatan,Other natural disturbances,2020,119
Indonesia,Kalimantan Selatan,Permanent agriculture,2020,16349
Indonesia,Kalimantan Selatan,Settlements & Infrastructure,2020,89
Indonesia,Kalimantan Selatan,Shifting cultivation,2020,1579
Indonesia,Kalimantan Selatan,Wildfire,2020,900
Indonesia,Kalimantan Selatan,Hard commodities,2021,1511
Indonesia,Kalimantan Selatan,Logging,2021,514
Indonesia,Kalimantan Selatan,Other natural disturbances,2021,114
Indonesia,Kalimantan Selatan,Permanent agriculture,2021,16358
Indonesia,Kalimantan Selatan,Settlements & Infrastructure,2021,100
Indonesia,Kalimantan Selatan,Shifting cultivation,2021,2806
Indonesia,Kalimantan Selatan,Wildfire,2021,250
Indonesia,Kalimantan Selatan,Hard commodities,2022,1840
Indonesia,Kalimantan Selatan,Logging,2022,250
Indonesia,Kalimantan Selatan,Other natural disturbances,2022,35
Indonesia,Kalimantan Selatan,Permanent agriculture,2022,13738
Indonesia,Kalimantan Selatan,Settlements & Infrastructure,2022,87
Indonesia,Kalimantan Selatan,Shifting cultivation,2022,1730
Indonesia,Kalimantan Selatan,Wildfire,2022,85
Indonesia,Kalimantan Selatan,Hard commodities,2023,3976
Indonesia,Kalimantan Selatan,Logging,2023,839
Indonesia,Kalimantan Selatan,Other natural disturbances,2023,222
Indonesia,Kalimantan Selatan,Permanent agriculture,2023,41440
Indonesia,Kalimantan Selatan,Settlements & Infrastructure,2023,193
Indonesia,Kalimantan Selatan,Shifting cultivation,2023,3695
Indonesia,Kalimantan Selatan,Wildfire,2023,1061
Indonesia,Kalimantan Selatan,Hard commodities,2024,1807
Indonesia,Kalimantan Selatan,Logging,2024,876
Indonesia,Kalimantan Selatan,Other natural disturbances,2024,256
Indonesia,Kalimantan Selatan,Permanent agriculture,2024,21588
Indonesia,Kalimantan Selatan,Settlements & Infrastructure,2024,94
Indonesia,Kalimantan Selatan,Shifting cultivation,2024,2588
Indonesia,Kalimantan Selatan,Wildfire,2024,623
Indonesia,Kalimantan Selatan,Hard commodities,2025,1412
Indonesia,Kalimantan Selatan,Logging,2025,1660
Indonesia,Kalimantan Selatan,Other natural disturbances,2025,288
Indonesia,Kalimantan Selatan,Permanent agriculture,2025,19724
Indonesia,Kalimantan Selatan,Settlements & Infrastructure,2025,82
Indonesia,Kalimantan Selatan,Shifting cultivation,2025,3175
Indonesia,Kalimantan Selatan,Wildfire,2025,475
Indonesia,Kalimantan Tengah,Hard commodities,2001,2574
Indonesia,Kalimantan Tengah,Logging,2001,11178
Indonesia,Kalimantan Tengah,Other natural disturbances,2001,225
Indonesia,Kalimantan Tengah,Permanent agriculture,2001,35344
Indonesia,Kalimantan Tengah,Settlements & Infrastructure,2001,85
Indonesia,Kalimantan Tengah,Shifting cultivation,2001,8670
Indonesia,Kalimantan Tengah,Wildfire,2001,5909
Indonesia,Kalimantan Tengah,Hard commodities,2002,3108
Indonesia,Kalimantan Tengah,Logging,2002,11488
Indonesia,Kalimantan Tengah,Other natural disturbances,2002,555
Indonesia,Kalimantan Tengah,Permanent agriculture,2002,62782
Indonesia,Kalimantan Tengah,Settlements & Infrastructure,2002,144
Indonesia,Kalimantan Tengah,Shifting cultivation,2002,8191
Indonesia,Kalimantan Tengah,Wildfire,2002,16516
Indonesia,Kalimantan Tengah,Hard commodities,2003,4246
Indonesia,Kalimantan Tengah,Logging,2003,7704
Indonesia,Kalimantan Tengah,Other natural disturbances,2003,521
Indonesia,Kalimantan Tengah,Permanent agriculture,2003,42944
Indonesia,Kalimantan Tengah,Settlements & Infrastructure,2003,170
Indonesia,Kalimantan Tengah,Shifting cultivation,2003,3135
Indonesia,Kalimantan Tengah,Wildfire,2003,70353
Indonesia,Kalimantan Tengah,Hard commodities,2004,4292
Indonesia,Kalimantan Tengah,Logging,2004,14375
Indonesia,Kalimantan Tengah,Other natural disturbances,2004,797
Indonesia,Kalimantan Tengah,Permanent agriculture,2004,123495
Indonesia,Kalimantan Tengah,Settlements & Infrastructure,2004,409
Indonesia,Kalimantan Tengah,Shifting cultivation,2004,7460
Indonesia,Kalimantan Tengah,Wildfire,2004,18910
Indonesia,Kalimantan Tengah,Hard commodities,2005,6770
Indonesia,Kalimantan Tengah,Logging,2005,16163
Indonesia,Kalimantan Tengah,Other natural disturbances,2005,561
Indonesia,Kalimantan Tengah,Permanent agriculture,2005,107907
Indonesia,Kalimantan Tengah,Settlements & Infrastructure,2005,393
Indonesia,Kalimantan Tengah,Shifting cultivation,2005,9654
Indonesia,Kalimantan Tengah,Wildfire,2005,17024
Indonesia,Kalimantan Tengah,Hard commodities,2006,3769
Indonesia,Kalimantan Tengah,Logging,2006,13333
Indonesia,Kalimantan Tengah,Other natural disturbances,2006,419
Indonesia,Kalimantan Tengah,Permanent agriculture,2006,181872
Indonesia,Kalimantan Tengah,Settlements & Infrastructure,2006,421
Indonesia,Kalimantan Tengah,Shifting cultivation,2006,7437
Indonesia,Kalimantan Tengah,Wildfire,2006,14538
Indonesia,Kalimantan Tengah,Hard commodities,2007,9072
Indonesia,Kalimantan Tengah,Logging,2007,14233
Indonesia,Kalimantan Tengah,Other natural disturbances,2007,1078
Indonesia,Kalimantan Tengah,Permanent agriculture,2007,150143
Indonesia,Kalimantan Tengah,Settlements & Infrastructure,2007,406
Indonesia,Kalimantan Tengah,Shifting cultivation,2007,8058
Indonesia,Kalimantan Tengah,Wildfire,2007,108661
Indonesia,Kalimantan Tengah,Hard commodities,2008,7920
Indonesia,Kalimantan Tengah,Logging,2008,18450
Indonesia,Kalimantan Tengah,Other natural disturbances,2008,573
Indonesia,Kalimantan Tengah,Permanent agriculture,2008,152235
Indonesia,Kalimantan Tengah,Settlements & Infrastructure,2008,450
Indonesia,Kalimantan Tengah,Shifting cultivation,2008,12741
Indonesia,Kalimantan Tengah,Wildfire,2008,12162
Indonesia,Kalimantan Tengah,Hard commodities,2009,6202
Indonesia,Kalimantan Tengah,Logging,2009,10775
Indonesia,Kalimantan Tengah,Other natural disturbances,2009,1166
Indonesia,Kalimantan Tengah,Permanent agriculture,2009,143656
Indonesia,Kalimantan Tengah,Settlements & Infrastructure,2009,617
Indonesia,Kalimantan Tengah,Shifting cultivation,2009,9364
Indonesia,Kalimantan Tengah,Wildfire,2009,22517
Indonesia,Kalimantan Tengah,Hard commodities,2010,7309
Indonesia,Kalimantan Tengah,Logging,2010,8535
Indonesia,Kalimantan Tengah,Other natural disturbances,2010,258
Indonesia,Kalimantan Tengah,Permanent agriculture,2010,104444
Indonesia,Kalimantan Tengah,Settlements & Infrastructure,2010,264
Indonesia,Kalimantan Tengah,Shifting cultivation,2010,6160
Indonesia,Kalimantan Tengah,Wildfire,2010,15289
Indonesia,Kalimantan Tengah,Hard commodities,2011,6559
Indonesia,Kalimantan Tengah,Logging,2011,10113
Indonesia,Kalimantan Tengah,Other natural disturbances,2011,718
Indonesia,Kalimantan Tengah,Permanent agriculture,2011,100289
Indonesia,Kalimantan Tengah,Settlements & Infrastructure,2011,500
Indonesia,Kalimantan Tengah,Shifting cultivation,2011,5975
Indonesia,Kalimantan Tengah,Wildfire,2011,15033
Indonesia,Kalimantan Tengah,Hard commodities,2012,10834
Indonesia,Kalimantan Tengah,Logging,2012,22393
Indonesia,Kalimantan Tengah,Other natural disturbances,2012,1032
Indonesia,Kalimantan Tengah,Permanent agriculture,2012,148176
Indonesia,Kalimantan Tengah,Settlements & Infrastructure,2012,522
Indonesia,Kalimantan Tengah,Shifting cultivation,2012,12493
Indonesia,Kalimantan Tengah,Wildfire,2012,23061
Indonesia,Kalimantan Tengah,Hard commodities,2013,4150
Indonesia,Kalimantan Tengah,Logging,2013,10171
Indonesia,Kalimantan Tengah,Other natural disturbances,2013,123
Indonesia,Kalimantan Tengah,Permanent agriculture,2013,72037
Indonesia,Kalimantan Tengah,Settlements & Infrastructure,2013,168
Indonesia,Kalimantan Tengah,Shifting cultivation,2013,6876
Indonesia,Kalimantan Tengah,Wildfire,2013,9688
Indonesia,Kalimantan Tengah,Hard commodities,2014,9025
Indonesia,Kalimantan Tengah,Logging,2014,20845
Indonesia,Kalimantan Tengah,Other natural disturbances,2014,715
Indonesia,Kalimantan Tengah,Permanent agriculture,2014,123185
Indonesia,Kalimantan Tengah,Settlements & Infrastructure,2014,371
Indonesia,Kalimantan Tengah,Shifting cultivation,2014,10157
Indonesia,Kalimantan Tengah,Wildfire,2014,32747
Indonesia,Kalimantan Tengah,Hard commodities,2015,7509
Indonesia,Kalimantan Tengah,Logging,2015,15986
Indonesia,Kalimantan Tengah,Other natural disturbances,2015,1115
Indonesia,Kalimantan Tengah,Permanent agriculture,2015,103973
Indonesia,Kalimantan Tengah,Settlements & Infrastructure,2015,307
Indonesia,Kalimantan Tengah,Shifting cultivation,2015,8771
Indonesia,Kalimantan Tengah,Wildfire,2015,76021
Indonesia,Kalimantan Tengah,Hard commodities,2016,13589
Indonesia,Kalimantan Tengah,Logging,2016,23925
Indonesia,Kalimantan Tengah,Other natural disturbances,2016,2604
Indonesia,Kalimantan Tengah,Permanent agriculture,2016,112297
Indonesia,Kalimantan Tengah,Settlements & Infrastructure,2016,430
Indonesia,Kalimantan Tengah,Shifting cultivation,2016,13078
Indonesia,Kalimantan Tengah,Wildfire,2016,326880
Indonesia,Kalimantan Tengah,Hard commodities,2017,7693
Indonesia,Kalimantan Tengah,Logging,2017,17237
Indonesia,Kalimantan Tengah,Other natural disturbances,2017,445
Indonesia,Kalimantan Tengah,Permanent agriculture,2017,60582
Indonesia,Kalimantan Tengah,Settlements & Infrastructure,2017,211
Indonesia,Kalimantan Tengah,Shifting cultivation,2017,6860
Indonesia,Kalimantan Tengah,Wildfire,2017,9621
Indonesia,Kalimantan Tengah,Hard commodities,2018,8071
Indonesia,Kalimantan Tengah,Logging,2018,18068
Indonesia,Kalimantan Tengah,Other natural disturbances,2018,854
Indonesia,Kalimantan Tengah,Permanent agriculture,2018,59089
Indonesia,Kalimantan Tengah,Settlements & Infrastructure,2018,188
Indonesia,Kalimantan Tengah,Shifting cultivation,2018,7434
Indonesia,Kalimantan Tengah,Wildfire,2018,16581
Indonesia,Kalimantan Tengah,Hard commodities,2019,6041
Indonesia,Kalimantan Tengah,Logging,2019,22322
Indonesia,Kalimantan Tengah,Other natural disturbances,2019,996
Indonesia,Kalimantan Tengah,Permanent agriculture,2019,52921
Indonesia,Kalimantan Tengah,Settlements & Infrastructure,2019,172
Indonesia,Kalimantan Tengah,Shifting cultivation,2019,7005
Indonesia,Kalimantan Tengah,Wildfire,2019,32627
Indonesia,Kalimantan Tengah,Hard commodities,2020,7635
Indonesia,Kalimantan Tengah,Logging,2020,19499
Indonesia,Kalimantan Tengah,Other natural disturbances,2020,356
Indonesia,Kalimantan Tengah,Permanent agriculture,2020,40539
Indonesia,Kalimantan Tengah,Settlements & Infrastructure,2020,141
Indonesia,Kalimantan Tengah,Shifting cultivation,2020,7714
Indonesia,Kalimantan Tengah,Wildfire,2020,14521
Indonesia,Kalimantan Tengah,Hard commodities,2021,5727
Indonesia,Kalimantan Tengah,Logging,2021,11530
Indonesia,Kalimantan Tengah,Other natural disturbances,2021,434
Indonesia,Kalimantan Tengah,Permanent agriculture,2021,27534
Indonesia,Kalimantan Tengah,Settlements & Infrastructure,2021,101
Indonesia,Kalimantan Tengah,Shifting cultivation,2021,4112
Indonesia,Kalimantan Tengah,Wildfire,2021,3570
Indonesia,Kalimantan Tengah,Hard commodities,2022,6179
Indonesia,Kalimantan Tengah,Logging,2022,16247
Indonesia,Kalimantan Tengah,Other natural disturbances,2022,365
Indonesia,Kalimantan Tengah,Permanent agriculture,2022,40810
Indonesia,Kalimantan Tengah,Settlements & Infrastructure,2022,141
Indonesia,Kalimantan Tengah,Shifting cultivation,2022,4466
Indonesia,Kalimantan Tengah,Wildfire,2022,4409
Indonesia,Kalimantan Tengah,Hard commodities,2023,10135
Indonesia,Kalimantan Tengah,Logging,2023,20675
Indonesia,Kalimantan Tengah,Other natural disturbances,2023,1180
Indonesia,Kalimantan Tengah,Permanent agriculture,2023,74010
Indonesia,Kalimantan Tengah,Settlements & Infrastructure,2023,167
Indonesia,Kalimantan Tengah,Shifting cultivation,2023,6889
Indonesia,Kalimantan Tengah,Wildfire,2023,31777
Indonesia,Kalimantan Tengah,Hard commodities,2024,12212
Indonesia,Kalimantan Tengah,Logging,2024,19018
Indonesia,Kalimantan Tengah,Other natural disturbances,2024,401
Indonesia,Kalimantan Tengah,Permanent agriculture,2024,67759
Indonesia,Kalimantan Tengah,Settlements & Infrastructure,2024,148
Indonesia,Kalimantan Tengah,Shifting cultivation,2024,7065
Indonesia,Kalimantan Tengah,Wildfire,2024,11989
Indonesia,Kalimantan Tengah,Hard commodities,2025,8314
Indonesia,Kalimantan Tengah,Logging,2025,17006
Indonesia,Kalimantan Tengah,Other natural disturbances,2025,379
Indonesia,Kalimantan Tengah,Permanent agriculture,2025,59132
Indonesia,Kalimantan Tengah,Settlements & Infrastructure,2025,119
Indonesia,Kalimantan Tengah,Shifting cultivation,2025,6239
Indonesia,Kalimantan Tengah,Wildfire,2025,10658
Indonesia,Kalimantan Timur,Hard commodities,2001,2723
Indonesia,Kalimantan Timur,Logging,2001,7716
Indonesia,Kalimantan Timur,Other natural disturbances,2001,1097
Indonesia,Kalimantan Timur,Permanent agriculture,2001,30136
Indonesia,Kalimantan Timur,Settlements & Infrastructure,2001,178
Indonesia,Kalimantan Timur,Shifting cultivation,2001,3067
Indonesia,Kalimantan Timur,Wildfire,2001,915
Indonesia,Kalimantan Timur,Hard commodities,2002,2686
Indonesia,Kalimantan Timur,Logging,2002,8836
Indonesia,Kalimantan Timur,Other natural disturbances,2002,1160
Indonesia,Kalimantan Timur,Permanent agriculture,2002,39115
Indonesia,Kalimantan Timur,Settlements & Infrastructure,2002,271
Indonesia,Kalimantan Timur,Shifting cultivation,2002,3758
Indonesia,Kalimantan Timur,Wildfire,2002,1440
Indonesia,Kalimantan Timur,Hard commodities,2003,2448
Indonesia,Kalimantan Timur,Logging,2003,6498
Indonesia,Kalimantan Timur,Other natural disturbances,2003,874
Indonesia,Kalimantan Timur,Permanent agriculture,2003,23233
Indonesia,Kalimantan Timur,Settlements & Infrastructure,2003,187
Indonesia,Kalimantan Timur,Shifting cultivation,2003,2450
Indonesia,Kalimantan Timur,Wildfire,2003,1187
Indonesia,Kalimantan Timur,Hard commodities,2004,5121
Indonesia,Kalimantan Timur,Logging,2004,8166
Indonesia,Kalimantan Timur,Other natural disturbances,2004,826
Indonesia,Kalimantan Timur,Permanent agriculture,2004,52088
Indonesia,Kalimantan Timur,Settlements & Infrastructure,2004,439
Indonesia,Kalimantan Timur,Shifting cultivation,2004,3503
Indonesia,Kalimantan Timur,Wildfire,2004,1221
Indonesia,Kalimantan Timur,Hard commodities,2005,5318
Indonesia,Kalimantan Timur,Logging,2005,6619
Indonesia,Kalimantan Timur,Other natural disturbances,2005,572
Indonesia,Kalimantan Timur,Permanent agriculture,2005,50130
Indonesia,Kalimantan Timur,Settlements & Infrastructure,2005,359
Indonesia,Kalimantan Timur,Shifting cultivation,2005,2886
Indonesia,Kalimantan Timur,Wildfire,2005,755
Indonesia,Kalimantan Timur,Hard commodities,2006,4997
Indonesia,Kalimantan Timur,Logging,2006,9084
Indonesia,Kalimantan Timur,Other natural disturbances,2006,552
Indonesia,Kalimantan Timur,Permanent agriculture,2006,107483
Indonesia,Kalimantan Timur,Settlements & Infrastructure,2006,194
Indonesia,Kalimantan Timur,Shifting cultivation,2006,4180
Indonesia,Kalimantan Timur,Wildfire,2006,1666
Indonesia,Kalimantan Timur,Hard commodities,2007,7874
Indonesia,Kalimantan Timur,Logging,2007,10918
Indonesia,Kalimantan Timur,Other natural disturbances,2007,690
Indonesia,Kalimantan Timur,Permanent agriculture,2007,96999
Indonesia,Kalimantan Timur,Settlements & Infrastructure,2007,412
Indonesia,Kalimantan Timur,Shifting cultivation,2007,3554
Indonesia,Kalimantan Timur,Wildfire,2007,1371
Indonesia,Kalimantan Timur,Hard commodities,2008,5601
Indonesia,Kalimantan Timur,Logging,2008,15032
Indonesia,Kalimantan Timur,Other natural disturbances,2008,647
Indonesia,Kalimantan Timur,Permanent agriculture,2008,79345
Indonesia,Kalimantan Timur,Settlements & Infrastructure,2008,302
Indonesia,Kalimantan Timur,Shifting cultivation,2008,2770
Indonesia,Kalimantan Timur,Wildfire,2008,1349
Indonesia,Kalimantan Timur,Hard commodities,2009,16354
Indonesia,Kalimantan Timur,Logging,2009,11938
Indonesia,Kalimantan Timur,Other natural disturbances,2009,896
Indonesia,Kalimantan Timur,Permanent agriculture,2009,175597
Indonesia,Kalimantan Timur,Settlements & Infrastructure,2009,788
Indonesia,Kalimantan Timur,Shifting cultivation,2009,3884
Indonesia,Kalimantan Timur,Wildfire,2009,1938
Indonesia,Kalimantan Timur,Hard commodities,2010,4905
Indonesia,Kalimantan Timur,Logging,2010,14056
Indonesia,Kalimantan Timur,Other natural disturbances,2010,146
Indonesia,Kalimantan Timur,Permanent agriculture,2010,84893
Indonesia,Kalimantan Timur,Settlements & Infrastructure,2010,189
Indonesia,Kalimantan Timur,Shifting cultivation,2010,2087
Indonesia,Kalimantan Timur,Wildfire,2010,841
Indonesia,Kalimantan Timur,Hard commodities,2011,11045
Indonesia,Kalimantan Timur,Logging,2011,23277
Indonesia,Kalimantan Timur,Other natural disturbances,2011,662
Indonesia,Kalimantan Timur,Permanent agriculture,2011,141930
Indonesia,Kalimantan Timur,Settlements & Infrastructure,2011,391
Indonesia,Kalimantan Timur,Shifting cultivation,2011,2858
Indonesia,Kalimantan Timur,Wildfire,2011,1682
Indonesia,Kalimantan Timur,Hard commodities,2012,24263
Indonesia,Kalimantan Timur,Logging,2012,23164
Indonesia,Kalimantan Timur,Other natural disturbances,2012,622
Indonesia,Kalimantan Timur,Permanent agriculture,2012,200115
Indonesia,Kalimantan Timur,Settlements & Infrastructure,2012,1175
Indonesia,Kalimantan Timur,Shifting cultivation,2012,4036
Indonesia,Kalimantan Timur,Wildfire,2012,1805
Indonesia,Kalimantan Timur,Hard commodities,2013,8639
Indonesia,Kalimantan Timur,Logging,2013,16645
Indonesia,Kalimantan Timur,Other natural disturbances,2013,234
Indonesia,Kalimantan Timur,Permanent agriculture,2013,117730
Indonesia,Kalimantan Timur,Settlements & Infrastructure,2013,284
Indonesia,Kalimantan Timur,Shifting cultivation,2013,2584
Indonesia,Kalimantan Timur,Wildfire,2013,1277
Indonesia,Kalimantan Timur,Hard commodities,2014,12906
Indonesia,Kalimantan Timur,Logging,2014,26741
Indonesia,Kalimantan Timur,Other natural disturbances,2014,765
Indonesia,Kalimantan Timur,Permanent agriculture,2014,163469
Indonesia,Kalimantan Timur,Settlements & Infrastructure,2014,493
Indonesia,Kalimantan Timur,Shifting cultivation,2014,4659
Indonesia,Kalimantan Timur,Wildfire,2014,2291
Indonesia,Kalimantan Timur,Hard commodities,2015,11566
Indonesia,Kalimantan Timur,Logging,2015,24622
Indonesia,Kalimantan Timur,Other natural disturbances,2015,1013
Indonesia,Kalimantan Timur,Permanent agriculture,2015,132427
Indonesia,Kalimantan Timur,Settlements & Infrastructure,2015,603
Indonesia,Kalimantan Timur,Shifting cultivation,2015,5937
Indonesia,Kalimantan Timur,Wildfire,2015,7582
Indonesia,Kalimantan Timur,Hard commodities,2016,16089
Indonesia,Kalimantan Timur,Logging,2016,41233
Indonesia,Kalimantan Timur,Other natural disturbances,2016,2319
Indonesia,Kalimantan Timur,Permanent agriculture,2016,188191
Indonesia,Kalimantan Timur,Settlements & Infrastructure,2016,877
Indonesia,Kalimantan Timur,Shifting cultivation,2016,10304
Indonesia,Kalimantan Timur,Wildfire,2016,54761
Indonesia,Kalimantan Timur,Hard commodities,2017,8497
Indonesia,Kalimantan Timur,Logging,2017,25909
Indonesia,Kalimantan Timur,Other natural disturbances,2017,1342
Indonesia,Kalimantan Timur,Permanent agriculture,2017,89790
Indonesia,Kalimantan Timur,Settlements & Infrastructure,2017,441
Indonesia,Kalimantan Timur,Shifting cultivation,2017,4551
Indonesia,Kalimantan Timur,Wildfire,2017,3592
Indonesia,Kalimantan Timur,Hard commodities,2018,12933
Indonesia,Kalimantan Timur,Logging,2018,30929
Indonesia,Kalimantan Timur,Other natural disturbances,2018,893
Indonesia,Kalimantan Timur,Permanent agriculture,2018,96219
Indonesia,Kalimantan Timur,Settlements & Infrastructure,2018,426
Indonesia,Kalimantan Timur,Shifting cultivation,2018,4073
Indonesia,Kalimantan Timur,Wildfire,2018,2190
Indonesia,Kalimantan Timur,Hard commodities,2019,10567
Indonesia,Kalimantan Timur,Logging,2019,31943
Indonesia,Kalimantan Timur,Other natural disturbances,2019,955
Indonesia,Kalimantan Timur,Permanent agriculture,2019,81456
Indonesia,Kalimantan Timur,Settlements & Infrastructure,2019,315
Indonesia,Kalimantan Timur,Shifting cultivation,2019,3211
Indonesia,Kalimantan Timur,Wildfire,2019,3567
Indonesia,Kalimantan Timur,Hard commodities,2020,7145
Indonesia,Kalimantan Timur,Logging,2020,18182
Indonesia,Kalimantan Timur,Other natural disturbances,2020,613
Indonesia,Kalimantan Timur,Permanent agriculture,2020,57348
Indonesia,Kalimantan Timur,Settlements & Infrastructure,2020,229
Indonesia,Kalimantan Timur,Shifting cultivation,2020,3347
Indonesia,Kalimantan Timur,Wildfire,2020,4908
Indonesia,Kalimantan Timur,Hard commodities,2021,5824
Indonesia,Kalimantan Timur,Logging,2021,16670
Indonesia,Kalimantan Timur,Other natural disturbances,2021,584
Indonesia,Kalimantan Timur,Permanent agriculture,2021,46207
Indonesia,Kalimantan Timur,Settlements & Infrastructure,2021,152
Indonesia,Kalimantan Timur,Shifting cultivation,2021,3205
Indonesia,Kalimantan Timur,Wildfire,2021,1336
Indonesia,Kalimantan Timur,Hard commodities,2022,5870
Indonesia,Kalimantan Timur,Logging,2022,11915
Indonesia,Kalimantan Timur,Other natural disturbances,2022,330
Indonesia,Kalimantan Timur,Permanent agriculture,2022,38712
Indonesia,Kalimantan Timur,Settlements & Infrastructure,2022,180
Indonesia,Kalimantan Timur,Shifting cultivation,2022,2403
Indonesia,Kalimantan Timur,Wildfire,2022,2085
Indonesia,Kalimantan Timur,Hard commodities,2023,10761
Indonesia,Kalimantan Timur,Logging,2023,19497
Indonesia,Kalimantan Timur,Other natural disturbances,2023,1085
Indonesia,Kalimantan Timur,Permanent agriculture,2023,89255
Indonesia,Kalimantan Timur,Settlements & Infrastructure,2023,346
Indonesia,Kalimantan Timur,Shifting cultivation,2023,8837
Indonesia,Kalimantan Timur,Wildfire,2023,4487
Indonesia,Kalimantan Timur,Hard commodities,2024,6619
Indonesia,Kalimantan Timur,Logging,2024,18288
Indonesia,Kalimantan Timur,Other natural disturbances,2024,544
Indonesia,Kalimantan Timur,Permanent agriculture,2024,75334
Indonesia,Kalimantan Timur,Settlements & Infrastructure,2024,226
Indonesia,Kalimantan Timur,Shifting cultivation,2024,6270
Indonesia,Kalimantan Timur,Wildfire,2024,3062
Indonesia,Kalimantan Timur,Hard commodities,2025,6217
Indonesia,Kalimantan Timur,Logging,2025,24252
Indonesia,Kalimantan Timur,Other natural disturbances,2025,1346
Indonesia,Kalimantan Timur,Permanent agriculture,2025,80149
Indonesia,Kalimantan Timur,Settlements & Infrastructure,2025,161
Indonesia,Kalimantan Timur,Shifting cultivation,2025,7141
Indonesia,Kalimantan Timur,Wildfire,2025,3003
Indonesia,Kalimantan Utara,Hard commodities,2001,311
Indonesia,Kalimantan Utara,Logging,2001,3895
Indonesia,Kalimantan Utara,Other natural disturbances,2001,905
Indonesia,Kalimantan Utara,Permanent agriculture,2001,19715
Indonesia,Kalimantan Utara,Settlements & Infrastructure,2001,112
Indonesia,Kalimantan Utara,Shifting cultivation,2001,1947
Indonesia,Kalimantan Utara,Wildfire,2001,99
Indonesia,Kalimantan Utara,Hard commodities,2002,193
Indonesia,Kalimantan Utara,Logging,2002,3648
Indonesia,Kalimantan Utara,Other natural disturbances,2002,714
Indonesia,Kalimantan Utara,Permanent agriculture,2002,16562
Indonesia,Kalimantan Utara,Settlements & Infrastructure,2002,198
Indonesia,Kalimantan Utara,Shifting cultivation,2002,1995
Indonesia,Kalimantan Utara,Wildfire,2002,230
Indonesia,Kalimantan Utara,Hard commodities,2003,234
Indonesia,Kalimantan Utara,Logging,2003,2982
Indonesia,Kalimantan Utara,Other natural disturbances,2003,414
Indonesia,Kalimantan Utara,Permanent agriculture,2003,11626
Indonesia,Kalimantan Utara,Settlements & Infrastructure,2003,135
Indonesia,Kalimantan Utara,Shifting cultivation,2003,986
Indonesia,Kalimantan Utara,Wildfire,2003,220
Indonesia,Kalimantan Utara,Hard commodities,2004,905
Indonesia,Kalimantan Utara,Logging,2004,6457
Indonesia,Kalimantan Utara,Other natural disturbances,2004,563
Indonesia,Kalimantan Utara,Permanent agriculture,2004,26137
Indonesia,Kalimantan Utara,Settlements & Infrastructure,2004,240
Indonesia,Kalimantan Utara,Shifting cultivation,2004,1643
Indonesia,Kalimantan Utara,Wildfire,2004,308
Indonesia,Kalimantan Utara,Hard commodities,2005,515
Indonesia,Kalimantan Utara,Logging,2005,4179
Indonesia,Kalimantan Utara,Other natural disturbances,2005,285
Indonesia,Kalimantan Utara,Permanent agriculture,2005,16996
Indonesia,Kalimantan Utara,Settlements & Infrastructure,2005,149
Indonesia,Kalimantan Utara,Shifting cultivation,2005,1483
Indonesia,Kalimantan Utara,Wildfire,2005,296
Indonesia,Kalimantan Utara,Hard commodities,2006,401
Indonesia,Kalimantan Utara,Logging,2006,3670
Indonesia,Kalimantan Utara,Other natural disturbances,2006,289
Indonesia,Kalimantan Utara,Permanent agriculture,2006,17947
Indonesia,Kalimantan Utara,Settlements & Infrastructure,2006,106
Indonesia,Kalimantan Utara,Shifting cultivation,2006,1282
Indonesia,Kalimantan Utara,Wildfire,2006,359
Indonesia,Kalimantan Utara,Hard commodities,2007,441
Indonesia,Kalimantan Utara,Logging,2007,6415
Indonesia,Kalimantan Utara,Other natural disturbances,2007,240
Indonesia,Kalimantan Utara,Permanent agriculture,2007,20633
Indonesia,Kalimantan Utara,Settlements & Infrastructure,2007,243
Indonesia,Kalimantan Utara,Shifting cultivation,2007,2444
Indonesia,Kalimantan Utara,Wildfire,2007,335
Indonesia,Kalimantan Utara,Hard commodities,2008,294
Indonesia,Kalimantan Utara,Logging,2008,8844
Indonesia,Kalimantan Utara,Other natural disturbances,2008,196
Indonesia,Kalimantan Utara,Permanent agriculture,2008,27982
Indonesia,Kalimantan Utara,Settlements & Infrastructure,2008,111
Indonesia,Kalimantan Utara,Shifting cultivation,2008,2163
Indonesia,Kalimantan Utara,Wildfire,2008,150
Indonesia,Kalimantan Utara,Hard commodities,2009,973
Indonesia,Kalimantan Utara,Logging,2009,4494
Indonesia,Kalimantan Utara,Other natural disturbances,2009,266
Indonesia,Kalimantan Utara,Permanent agriculture,2009,43373
Indonesia,Kalimantan Utara,Settlements & Infrastructure,2009,230
Indonesia,Kalimantan Utara,Shifting cultivation,2009,1899
Indonesia,Kalimantan Utara,Wildfire,2009,394
Indonesia,Kalimantan Utara,Hard commodities,2010,654
Indonesia,Kalimantan Utara,Logging,2010,2906
Indonesia,Kalimantan Utara,Other natural disturbances,2010,184
Indonesia,Kalimantan Utara,Permanent agriculture,2010,24376
Indonesia,Kalimantan Utara,Settlements & Infrastructure,2010,148
Indonesia,Kalimantan Utara,Shifting cultivation,2010,1308
Indonesia,Kalimantan Utara,Wildfire,2010,253
Indonesia,Kalimantan Utara,Hard commodities,2011,1022
Indonesia,Kalimantan Utara,Logging,2011,7062
Indonesia,Kalimantan Utara,Other natural disturbances,2011,177
Indonesia,Kalimantan Utara,Permanent agriculture,2011,30809
Indonesia,Kalimantan Utara,Settlements & Infrastructure,2011,146
Indonesia,Kalimantan Utara,Shifting cultivation,2011,1758
Indonesia,Kalimantan Utara,Wildfire,2011,629
Indonesia,Kalimantan Utara,Hard commodities,2012,1362
Indonesia,Kalimantan Utara,Logging,2012,11732
Indonesia,Kalimantan Utara,Other natural disturbances,2012,369
Indonesia,Kalimantan Utara,Permanent agriculture,2012,41378
Indonesia,Kalimantan Utara,Settlements & Infrastructure,2012,138
Indonesia,Kalimantan Utara,Shifting cultivation,2012,3308
Indonesia,Kalimantan Utara,Wildfire,2012,1711
Indonesia,Kalimantan Utara,Hard commodities,2013,562
Indonesia,Kalimantan Utara,Logging,2013,5446
Indonesia,Kalimantan Utara,Other natural disturbances,2013,160
Indonesia,Kalimantan Utara,Permanent agriculture,2013,22745
Indonesia,Kalimantan Utara,Settlements & Infrastructure,2013,30
Indonesia,Kalimantan Utara,Shifting cultivation,2013,1948
Indonesia,Kalimantan Utara,Wildfire,2013,797
Indonesia,Kalimantan Utara,Hard commodities,2014,1714
Indonesia,Kalimantan Utara,Logging,2014,16259
Indonesia,Kalimantan Utara,Other natural disturbances,2014,486
Indonesia,Kalimantan Utara,Permanent agriculture,2014,35724
Indonesia,Kalimantan Utara,Settlements & Infrastructure,2014,152
Indonesia,Kalimantan Utara,Shifting cultivation,2014,3666
Indonesia,Kalimantan Utara,Wildfire,2014,815
Indonesia,Kalimantan Utara,Hard commodities,2015,1131
Indonesia,Kalimantan Utara,Logging,2015,16713
Indonesia,Kalimantan Utara,Other natural disturbances,2015,658
Indonesia,Kalimantan Utara,Permanent agriculture,2015,25063
Indonesia,Kalimantan Utara,Settlements & Infrastructure,2015,360
Indonesia,Kalimantan Utara,Shifting cultivation,2015,3026
Indonesia,Kalimantan Utara,Wildfire,2015,763
Indonesia,Kalimantan Utara,Hard commodities,2016,1327
Indonesia,Kalimantan Utara,Logging,2016,9379
Indonesia,Kalimantan Utara,Other natural disturbances,2016,781
Indonesia,Kalimantan Utara,Permanent agriculture,2016,21232
Indonesia,Kalimantan Utara,Settlements & Infrastructure,2016,280
Indonesia,Kalimantan Utara,Shifting cultivation,2016,3124
Indonesia,Kalimantan Utara,Wildfire,2016,2275
Indonesia,Kalimantan Utara,Hard commodities,2017,880
Indonesia,Kalimantan Utara,Logging,2017,9807
Indonesia,Kalimantan Utara,Other natural disturbances,2017,722
Indonesia,Kalimantan Utara,Permanent agriculture,2017,18491
Indonesia,Kalimantan Utara,Settlements & Infrastructure,2017,190
Indonesia,Kalimantan Utara,Shifting cultivation,2017,2870
Indonesia,Kalimantan Utara,Wildfire,2017,661
Indonesia,Kalimantan Utara,Hard commodities,2018,989
Indonesia,Kalimantan Utara,Logging,2018,12713
Indonesia,Kalimantan Utara,Other natural disturbances,2018,727
Indonesia,Kalimantan Utara,Permanent agriculture,2018,18703
Indonesia,Kalimantan Utara,Settlements & Infrastructure,2018,163
Indonesia,Kalimantan Utara,Shifting cultivation,2018,2982
Indonesia,Kalimantan Utara,Wildfire,2018,455
Indonesia,Kalimantan Utara,Hard commodities,2019,940
Indonesia,Kalimantan Utara,Logging,2019,9667
Indonesia,Kalimantan Utara,Other natural disturbances,2019,550
Indonesia,Kalimantan Utara,Permanent agriculture,2019,15258
Indonesia,Kalimantan Utara,Settlements & Infrastructure,2019,266
Indonesia,Kalimantan Utara,Shifting cultivation,2019,2250
Indonesia,Kalimantan Utara,Wildfire,2019,343
Indonesia,Kalimantan Utara,Hard commodities,2020,603
Indonesia,Kalimantan Utara,Logging,2020,7434
Indonesia,Kalimantan Utara,Other natural disturbances,2020,396
Indonesia,Kalimantan Utara,Permanent agriculture,2020,12278
Indonesia,Kalimantan Utara,Settlements & Infrastructure,2020,162
Indonesia,Kalimantan Utara,Shifting cultivation,2020,2641
Indonesia,Kalimantan Utara,Wildfire,2020,925
Indonesia,Kalimantan Utara,Hard commodities,2021,719
Indonesia,Kalimantan Utara,Logging,2021,5955
Indonesia,Kalimantan Utara,Other natural disturbances,2021,449
Indonesia,Kalimantan Utara,Permanent agriculture,2021,9596
Indonesia,Kalimantan Utara,Settlements & Infrastructure,2021,89
Indonesia,Kalimantan Utara,Shifting cultivation,2021,1770
Indonesia,Kalimantan Utara,Wildfire,2021,615
Indonesia,Kalimantan Utara,Hard commodities,2022,697
Indonesia,Kalimantan Utara,Logging,2022,6050
Indonesia,Kalimantan Utara,Other natural disturbances,2022,441
Indonesia,Kalimantan Utara,Permanent agriculture,2022,8408
Indonesia,Kalimantan Utara,Settlements & Infrastructure,2022,79
Indonesia,Kalimantan Utara,Shifting cultivation,2022,1494
Indonesia,Kalimantan Utara,Wildfire,2022,382
Indonesia,Kalimantan Utara,Hard commodities,2023,1052
Indonesia,Kalimantan Utara,Logging,2023,10055
Indonesia,Kalimantan Utara,Other natural disturbances,2023,568
Indonesia,Kalimantan Utara,Permanent agriculture,2023,11665
Indonesia,Kalimantan Utara,Settlements & Infrastructure,2023,147
Indonesia,Kalimantan Utara,Shifting cultivation,2023,2524
Indonesia,Kalimantan Utara,Wildfire,2023,380
Indonesia,Kalimantan Utara,Hard commodities,2024,701
Indonesia,Kalimantan Utara,Logging,2024,8052
Indonesia,Kalimantan Utara,Other natural disturbances,2024,510
Indonesia,Kalimantan Utara,Permanent agriculture,2024,8122
Indonesia,Kalimantan Utara,Settlements & Infrastructure,2024,98
Indonesia,Kalimantan Utara,Shifting cultivation,2024,2131
Indonesia,Kalimantan Utara,Wildfire,2024,291
Indonesia,Kalimantan Utara,Hard commodities,2025,548
Indonesia,Kalimantan Utara,Logging,2025,9156
Indonesia,Kalimantan Utara,Other natural disturbances,2025,688
Indonesia,Kalimantan Utara,Permanent agriculture,2025,8674
Indonesia,Kalimantan Utara,Settlements & Infrastructure,2025,46
Indonesia,Kalimantan Utara,Shifting cultivation,2025,2160
Indonesia,Kalimantan Utara,Wildfire,2025,859
Indonesia,Kepulauan Riau,Hard commodities,2001,109
Indonesia,Kepulauan Riau,Logging,2001,36
Indonesia,Kepulauan Riau,Other natural disturbances,2001,72
Indonesia,Kepulauan Riau,Permanent agriculture,2001,856
Indonesia,Kepulauan Riau,Settlements & Infrastructure,2001,321
Indonesia,Kepulauan Riau,Shifting cultivation,2001,113
Indonesia,Kepulauan Riau,Wildfire,2001,204
Indonesia,Kepulauan Riau,Hard commodities,2002,332
Indonesia,Kepulauan Riau,Logging,2002,88
Indonesia,Kepulauan Riau,Other natural disturbances,2002,151
Indonesia,Kepulauan Riau,Permanent agriculture,2002,2837
Indonesia,Kepulauan Riau,Settlements & Infrastructure,2002,1251
Indonesia,Kepulauan Riau,Shifting cultivation,2002,172
Indonesia,Kepulauan Riau,Wildfire,2002,685
Indonesia,Kepulauan Riau,Hard commodities,2003,134
Indonesia,Kepulauan Riau,Logging,2003,92
Indonesia,Kepulauan Riau,Other natural disturbances,2003,54
Indonesia,Kepulauan Riau,Permanent agriculture,2003,967
Indonesia,Kepulauan Riau,Settlements & Infrastructure,2003,137
Indonesia,Kepulauan Riau,Shifting cultivation,2003,136
Indonesia,Kepulauan Riau,Wildfire,2003,249
Indonesia,Kepulauan Riau,Hard commodities,2004,187
Indonesia,Kepulauan Riau,Logging,2004,94
Indonesia,Kepulauan Riau,Other natural disturbances,2004,102
Indonesia,Kepulauan Riau,Permanent agriculture,2004,2430
Indonesia,Kepulauan Riau,Settlements & Infrastructure,2004,418
Indonesia,Kepulauan Riau,Shifting cultivation,2004,247
Indonesia,Kepulauan Riau,Wildfire,2004,1043
Indonesia,Kepulauan Riau,Hard commodities,2005,543
Indonesia,Kepulauan Riau,Logging,2005,108
Indonesia,Kepulauan Riau,Other natural disturbances,2005,237
Indonesia,Kepulauan Riau,Permanent agriculture,2005,4328
Indonesia,Kepulauan Riau,Settlements & Infrastructure,2005,874
Indonesia,Kepulauan Riau,Shifting cultivation,2005,214
Indonesia,Kepulauan Riau,Wildfire,2005,1770
Indonesia,Kepulauan Riau,Hard commodities,2006,271
Indonesia,Kepulauan Riau,Logging,2006,93
Indonesia,Kepulauan Riau,Other natural disturbances,2006,157
Indonesia,Kepulauan Riau,Permanent agriculture,2006,3271
Indonesia,Kepulauan Riau,Settlements & Infrastructure,2006,276
Indonesia,Kepulauan Riau,Shifting cultivation,2006,192
Indonesia,Kepulauan Riau,Wildfire,2006,1162
Indonesia,Kepulauan Riau,Hard commodities,2007,319
Indonesia,Kepulauan Riau,Logging,2007,35
Indonesia,Kepulauan Riau,Other natural disturbances,2007,119
Indonesia,Kepulauan Riau,Permanent agriculture,2007,1319
Indonesia,Kepulauan Riau,Settlements & Infrastructure,2007,230
Indonesia,Kepulauan Riau,Shifting cultivation,2007,164
Indonesia,Kepulauan Riau,Wildfire,2007,494
Indonesia,Kepulauan Riau,Hard commodities,2008,803
Indonesia,Kepulauan Riau,Logging,2008,174
Indonesia,Kepulauan Riau,Other natural disturbances,2008,408
Indonesia,Kepulauan Riau,Permanent agriculture,2008,4361
Indonesia,Kepulauan Riau,Settlements & Infrastructure,2008,387
Indonesia,Kepulauan Riau,Shifting cultivation,2008,390
Indonesia,Kepulauan Riau,Wildfire,2008,2174
Indonesia,Kepulauan Riau,Hard commodities,2009,411
Indonesia,Kepulauan Riau,Logging,2009,88
Indonesia,Kepulauan Riau,Other natural disturbances,2009,225
Indonesia,Kepulauan Riau,Permanent agriculture,2009,2431
Indonesia,Kepulauan Riau,Settlements & Infrastructure,2009,478
Indonesia,Kepulauan Riau,Shifting cultivation,2009,333
Indonesia,Kepulauan Riau,Wildfire,2009,1256
Indonesia,Kepulauan Riau,Hard commodities,2010,507
Indonesia,Kepulauan Riau,Logging,2010,71
Indonesia,Kepulauan Riau,Other natural disturbances,2010,171
Indonesia,Kepulauan Riau,Permanent agriculture,2010,2714
Indonesia,Kepulauan Riau,Settlements & Infrastructure,2010,371
Indonesia,Kepulauan Riau,Shifting cultivation,2010,211
Indonesia,Kepulauan Riau,Wildfire,2010,738
Indonesia,Kepulauan Riau,Hard commodities,2011,945
Indonesia,Kepulauan Riau,Logging,2011,127
Indonesia,Kepulauan Riau,Other natural disturbances,2011,197
Indonesia,Kepulauan Riau,Permanent agriculture,2011,3332
Indonesia,Kepulauan Riau,Settlements & Infrastructure,2011,502
Indonesia,Kepulauan Riau,Shifting cultivation,2011,241
Indonesia,Kepulauan Riau,Wildfire,2011,1592
Indonesia,Kepulauan Riau,Hard commodities,2012,1025
Indonesia,Kepulauan Riau,Logging,2012,157
Indonesia,Kepulauan Riau,Other natural disturbances,2012,300
Indonesia,Kepulauan Riau,Permanent agriculture,2012,4909
Indonesia,Kepulauan Riau,Settlements & Infrastructure,2012,528
Indonesia,Kepulauan Riau,Shifting cultivation,2012,234
Indonesia,Kepulauan Riau,Wildfire,2012,2197
Indonesia,Kepulauan Riau,Hard commodities,2013,373
Indonesia,Kepulauan Riau,Logging,2013,200
Indonesia,Kepulauan Riau,Other natural disturbances,2013,128
Indonesia,Kepulauan Riau,Permanent agriculture,2013,2751
Indonesia,Kepulauan Riau,Settlements & Infrastructure,2013,185
Indonesia,Kepulauan Riau,Shifting cultivation,2013,85
Indonesia,Kepulauan Riau,Wildfire,2013,1036
Indonesia,Kepulauan Riau,Hard commodities,2014,990
Indonesia,Kepulauan Riau,Logging,2014,285
Indonesia,Kepulauan Riau,Other natural disturbances,2014,985
Indonesia,Kepulauan Riau,Permanent agriculture,2014,6739
Indonesia,Kepulauan Riau,Settlements & Infrastructure,2014,694
Indonesia,Kepulauan Riau,Shifting cultivation,2014,227
Indonesia,Kepulauan Riau,Wildfire,2014,9274
Indonesia,Kepulauan Riau,Hard commodities,2015,362
Indonesia,Kepulauan Riau,Logging,2015,128
Indonesia,Kepulauan Riau,Other natural disturbances,2015,379
Indonesia,Kepulauan Riau,Permanent agriculture,2015,2497
Indonesia,Kepulauan Riau,Settlements & Infrastructure,2015,384
Indonesia,Kepulauan Riau,Shifting cultivation,2015,161
Indonesia,Kepulauan Riau,Wildfire,2015,1935
Indonesia,Kepulauan Riau,Hard commodities,2016,688
Indonesia,Kepulauan Riau,Logging,2016,213
Indonesia,Kepulauan Riau,Other natural disturbances,2016,854
Indonesia,Kepulauan Riau,Permanent agriculture,2016,4636
Indonesia,Kepulauan Riau,Settlements & Infrastructure,2016,584
Indonesia,Kepulauan Riau,Shifting cultivation,2016,287
Indonesia,Kepulauan Riau,Wildfire,2016,5771
Indonesia,Kepulauan Riau,Hard commodities,2017,551
Indonesia,Kepulauan Riau,Logging,2017,202
Indonesia,Kepulauan Riau,Other natural disturbances,2017,611
Indonesia,Kepulauan Riau,Permanent agriculture,2017,3495
Indonesia,Kepulauan Riau,Settlements & Infrastructure,2017,629
Indonesia,Kepulauan Riau,Shifting cultivation,2017,286
Indonesia,Kepulauan Riau,Wildfire,2017,2198
Indonesia,Kepulauan Riau,Hard commodities,2018,338
Indonesia,Kepulauan Riau,Logging,2018,207
Indonesia,Kepulauan Riau,Other natural disturbances,2018,345
Indonesia,Kepulauan Riau,Permanent agriculture,2018,3271
Indonesia,Kepulauan Riau,Settlements & Infrastructure,2018,355
Indonesia,Kepulauan Riau,Shifting cultivation,2018,221
Indonesia,Kepulauan Riau,Wildfire,2018,1523
Indonesia,Kepulauan Riau,Hard commodities,2019,481
Indonesia,Kepulauan Riau,Logging,2019,139
Indonesia,Kepulauan Riau,Other natural disturbances,2019,415
Indonesia,Kepulauan Riau,Permanent agriculture,2019,3559
Indonesia,Kepulauan Riau,Settlements & Infrastructure,2019,420
Indonesia,Kepulauan Riau,Shifting cultivation,2019,206
Indonesia,Kepulauan Riau,Wildfire,2019,3660
Indonesia,Kepulauan Riau,Hard commodities,2020,322
Indonesia,Kepulauan Riau,Logging,2020,107
Indonesia,Kepulauan Riau,Other natural disturbances,2020,526
Indonesia,Kepulauan Riau,Permanent agriculture,2020,3168
Indonesia,Kepulauan Riau,Settlements & Infrastructure,2020,278
Indonesia,Kepulauan Riau,Shifting cultivation,2020,128
Indonesia,Kepulauan Riau,Wildfire,2020,4243
Indonesia,Kepulauan Riau,Hard commodities,2021,290
Indonesia,Kepulauan Riau,Logging,2021,142
Indonesia,Kepulauan Riau,Other natural disturbances,2021,173
Indonesia,Kepulauan Riau,Permanent agriculture,2021,2253
Indonesia,Kepulauan Riau,Settlements & Infrastructure,2021,289
Indonesia,Kepulauan Riau,Shifting cultivation,2021,171
Indonesia,Kepulauan Riau,Wildfire,2021,1068
Indonesia,Kepulauan Riau,Hard commodities,2022,184
Indonesia,Kepulauan Riau,Logging,2022,109
Indonesia,Kepulauan Riau,Other natural disturbances,2022,131
Indonesia,Kepulauan Riau,Permanent agriculture,2022,1386
Indonesia,Kepulauan Riau,Settlements & Infrastructure,2022,206
Indonesia,Kepulauan Riau,Shifting cultivation,2022,132
Indonesia,Kepulauan Riau,Wildfire,2022,691
Indonesia,Kepulauan Riau,Hard commodities,2023,270
Indonesia,Kepulauan Riau,Logging,2023,107
Indonesia,Kepulauan Riau,Other natural disturbances,2023,130
Indonesia,Kepulauan Riau,Permanent agriculture,2023,1796
Indonesia,Kepulauan Riau,Settlements & Infrastructure,2023,368
Indonesia,Kepulauan Riau,Shifting cultivation,2023,165
Indonesia,Kepulauan Riau,Wildfire,2023,505
Indonesia,Kepulauan Riau,Hard commodities,2024,245
Indonesia,Kepulauan Riau,Logging,2024,85
Indonesia,Kepulauan Riau,Other natural disturbances,2024,70
Indonesia,Kepulauan Riau,Permanent agriculture,2024,1523
Indonesia,Kepulauan Riau,Settlements & Infrastructure,2024,190
Indonesia,Kepulauan Riau,Shifting cultivation,2024,141
Indonesia,Kepulauan Riau,Wildfire,2024,368
Indonesia,Kepulauan Riau,Hard commodities,2025,549
Indonesia,Kepulauan Riau,Logging,2025,253
Indonesia,Kepulauan Riau,Other natural disturbances,2025,82
Indonesia,Kepulauan Riau,Permanent agriculture,2025,1960
Indonesia,Kepulauan Riau,Settlements & Infrastructure,2025,206
Indonesia,Kepulauan Riau,Shifting cultivation,2025,133
Indonesia,Kepulauan Riau,Wildfire,2025,1090
Indonesia,Lampung,Hard commodities,2001,31
Indonesia,Lampung,Logging,2001,121
Indonesia,Lampung,Other natural disturbances,2001,40
Indonesia,Lampung,Permanent agriculture,2001,8642
Indonesia,Lampung,Settlements & Infrastructure,2001,77
Indonesia,Lampung,Shifting cultivation,2001,1382
Indonesia,Lampung,Wildfire,2001,16
Indonesia,Lampung,Hard commodities,2002,5
Indonesia,Lampung,Logging,2002,101
Indonesia,Lampung,Other natural disturbances,2002,60
Indonesia,Lampung,Permanent agriculture,2002,8046
Indonesia,Lampung,Settlements & Infrastructure,2002,29
Indonesia,Lampung,Shifting cultivation,2002,1046
Indonesia,Lampung,Wildfire,2002,35
Indonesia,Lampung,Hard commodities,2003,13
Indonesia,Lampung,Logging,2003,103
Indonesia,Lampung,Other natural disturbances,2003,73
Indonesia,Lampung,Permanent agriculture,2003,4049
Indonesia,Lampung,Settlements & Infrastructure,2003,8
Indonesia,Lampung,Shifting cultivation,2003,660
Indonesia,Lampung,Wildfire,2003,68
Indonesia,Lampung,Hard commodities,2004,15
Indonesia,Lampung,Logging,2004,143
Indonesia,Lampung,Other natural disturbances,2004,37
Indonesia,Lampung,Permanent agriculture,2004,9193
Indonesia,Lampung,Settlements & Infrastructure,2004,29
Indonesia,Lampung,Shifting cultivation,2004,1059
Indonesia,Lampung,Wildfire,2004,17
Indonesia,Lampung,Hard commodities,2005,2
Indonesia,Lampung,Logging,2005,67
Indonesia,Lampung,Other natural disturbances,2005,289
Indonesia,Lampung,Permanent agriculture,2005,8126
Indonesia,Lampung,Settlements & Infrastructure,2005,51
Indonesia,Lampung,Shifting cultivation,2005,633
Indonesia,Lampung,Wildfire,2005,126
Indonesia,Lampung,Hard commodities,2006,20
Indonesia,Lampung,Logging,2006,74
Indonesia,Lampung,Other natural disturbances,2006,241
Indonesia,Lampung,Permanent agriculture,2006,12506
Indonesia,Lampung,Settlements & Infrastructure,2006,52
Indonesia,Lampung,Shifting cultivation,2006,1008
Indonesia,Lampung,Wildfire,2006,126
Indonesia,Lampung,Hard commodities,2007,112
Indonesia,Lampung,Logging,2007,112
Indonesia,Lampung,Other natural disturbances,2007,195
Indonesia,Lampung,Permanent agriculture,2007,13877
Indonesia,Lampung,Settlements & Infrastructure,2007,122
Indonesia,Lampung,Shifting cultivation,2007,1071
Indonesia,Lampung,Wildfire,2007,76
Indonesia,Lampung,Hard commodities,2008,155
Indonesia,Lampung,Logging,2008,762
Indonesia,Lampung,Other natural disturbances,2008,70
Indonesia,Lampung,Permanent agriculture,2008,14304
Indonesia,Lampung,Settlements & Infrastructure,2008,19
Indonesia,Lampung,Shifting cultivation,2008,811
Indonesia,Lampung,Wildfire,2008,38
Indonesia,Lampung,Hard commodities,2009,13
Indonesia,Lampung,Logging,2009,281
Indonesia,Lampung,Other natural disturbances,2009,364
Indonesia,Lampung,Permanent agriculture,2009,21256
Indonesia,Lampung,Settlements & Infrastructure,2009,74
Indonesia,Lampung,Shifting cultivation,2009,1026
Indonesia,Lampung,Wildfire,2009,97
Indonesia,Lampung,Hard commodities,2010,6
Indonesia,Lampung,Logging,2010,98
Indonesia,Lampung,Other natural disturbances,2010,179
Indonesia,Lampung,Permanent agriculture,2010,12613
Indonesia,Lampung,Settlements & Infrastructure,2010,128
Indonesia,Lampung,Shifting cultivation,2010,966
Indonesia,Lampung,Wildfire,2010,75
Indonesia,Lampung,Hard commodities,2011,29
Indonesia,Lampung,Logging,2011,49
Indonesia,Lampung,Other natural disturbances,2011,53
Indonesia,Lampung,Permanent agriculture,2011,15746
Indonesia,Lampung,Settlements & Infrastructure,2011,42
Indonesia,Lampung,Shifting cultivation,2011,807
Indonesia,Lampung,Wildfire,2011,6
Indonesia,Lampung,Hard commodities,2012,19
Indonesia,Lampung,Logging,2012,99
Indonesia,Lampung,Other natural disturbances,2012,560
Indonesia,Lampung,Permanent agriculture,2012,28185
Indonesia,Lampung,Settlements & Infrastructure,2012,204
Indonesia,Lampung,Shifting cultivation,2012,996
Indonesia,Lampung,Wildfire,2012,202
Indonesia,Lampung,Hard commodities,2013,32
Indonesia,Lampung,Logging,2013,21
Indonesia,Lampung,Other natural disturbances,2013,59
Indonesia,Lampung,Permanent agriculture,2013,4657
Indonesia,Lampung,Settlements & Infrastructure,2013,7
Indonesia,Lampung,Shifting cultivation,2013,348
Indonesia,Lampung,Wildfire,2013,17
Indonesia,Lampung,Hard commodities,2014,7
Indonesia,Lampung,Logging,2014,42
Indonesia,Lampung,Other natural disturbances,2014,143
Indonesia,Lampung,Permanent agriculture,2014,10236
Indonesia,Lampung,Settlements & Infrastructure,2014,23
Indonesia,Lampung,Shifting cultivation,2014,882
Indonesia,Lampung,Wildfire,2014,18
Indonesia,Lampung,Hard commodities,2015,12
Indonesia,Lampung,Logging,2015,57
Indonesia,Lampung,Other natural disturbances,2015,169
Indonesia,Lampung,Permanent agriculture,2015,12911
Indonesia,Lampung,Settlements & Infrastructure,2015,29
Indonesia,Lampung,Shifting cultivation,2015,706
Indonesia,Lampung,Wildfire,2015,238
Indonesia,Lampung,Hard commodities,2016,12
Indonesia,Lampung,Logging,2016,76
Indonesia,Lampung,Other natural disturbances,2016,300
Indonesia,Lampung,Permanent agriculture,2016,12840
Indonesia,Lampung,Settlements & Infrastructure,2016,54
Indonesia,Lampung,Shifting cultivation,2016,910
Indonesia,Lampung,Wildfire,2016,2029
Indonesia,Lampung,Hard commodities,2017,54
Indonesia,Lampung,Logging,2017,92
Indonesia,Lampung,Other natural disturbances,2017,293
Indonesia,Lampung,Permanent agriculture,2017,9395
Indonesia,Lampung,Settlements & Infrastructure,2017,121
Indonesia,Lampung,Shifting cultivation,2017,1372
Indonesia,Lampung,Wildfire,2017,415
Indonesia,Lampung,Hard commodities,2018,48
Indonesia,Lampung,Logging,2018,62
Indonesia,Lampung,Other natural disturbances,2018,297
Indonesia,Lampung,Permanent agriculture,2018,8979
Indonesia,Lampung,Settlements & Infrastructure,2018,67
Indonesia,Lampung,Shifting cultivation,2018,738
Indonesia,Lampung,Wildfire,2018,136
Indonesia,Lampung,Hard commodities,2019,61
Indonesia,Lampung,Logging,2019,109
Indonesia,Lampung,Other natural disturbances,2019,182
Indonesia,Lampung,Permanent agriculture,2019,11861
Indonesia,Lampung,Settlements & Infrastructure,2019,47
Indonesia,Lampung,Shifting cultivation,2019,729
Indonesia,Lampung,Wildfire,2019,173
Indonesia,Lampung,Hard commodities,2020,28
Indonesia,Lampung,Logging,2020,97
Indonesia,Lampung,Other natural disturbances,2020,189
Indonesia,Lampung,Permanent agriculture,2020,7976
Indonesia,Lampung,Settlements & Infrastructure,2020,36
Indonesia,Lampung,Shifting cultivation,2020,561
Indonesia,Lampung,Wildfire,2020,575
Indonesia,Lampung,Hard commodities,2021,10
Indonesia,Lampung,Logging,2021,152
Indonesia,Lampung,Other natural disturbances,2021,32
Indonesia,Lampung,Permanent agriculture,2021,7028
Indonesia,Lampung,Settlements & Infrastructure,2021,31
Indonesia,Lampung,Shifting cultivation,2021,343
Indonesia,Lampung,Wildfire,2021,7
Indonesia,Lampung,Hard commodities,2022,1
Indonesia,Lampung,Logging,2022,172
Indonesia,Lampung,Other natural disturbances,2022,9
Indonesia,Lampung,Permanent agriculture,2022,6169
Indonesia,Lampung,Settlements & Infrastructure,2022,34
Indonesia,Lampung,Shifting cultivation,2022,268
Indonesia,Lampung,Wildfire,2022,366
Indonesia,Lampung,Hard commodities,2023,6
Indonesia,Lampung,Logging,2023,175
Indonesia,Lampung,Other natural disturbances,2023,69
Indonesia,Lampung,Permanent agriculture,2023,20442
Indonesia,Lampung,Settlements & Infrastructure,2023,52
Indonesia,Lampung,Shifting cultivation,2023,838
Indonesia,Lampung,Wildfire,2023,42
Indonesia,Lampung,Hard commodities,2024,7
Indonesia,Lampung,Logging,2024,175
Indonesia,Lampung,Other natural disturbances,2024,127
Indonesia,Lampung,Permanent agriculture,2024,12033
Indonesia,Lampung,Settlements & Infrastructure,2024,27
Indonesia,Lampung,Shifting cultivation,2024,540
Indonesia,Lampung,Wildfire,2024,31
Indonesia,Lampung,Hard commodities,2025,7
Indonesia,Lampung,Logging,2025,159
Indonesia,Lampung,Other natural disturbances,2025,87
Indonesia,Lampung,Permanent agriculture,2025,12320
Indonesia,Lampung,Settlements & Infrastructure,2025,34
Indonesia,Lampung,Shifting cultivation,2025,901
Indonesia,Lampung,Wildfire,2025,37
Indonesia,Maluku,Hard commodities,2001,5
Indonesia,Maluku,Logging,2001,795
Indonesia,Maluku,Other natural disturbances,2001,227
Indonesia,Maluku,Permanent agriculture,2001,2004
Indonesia,Maluku,Settlements & Infrastructure,2001,23
Indonesia,Maluku,Shifting cultivation,2001,1197
Indonesia,Maluku,Wildfire,2001,198
Indonesia,Maluku,Hard commodities,2002,7
Indonesia,Maluku,Logging,2002,2075
Indonesia,Maluku,Other natural disturbances,2002,545
Indonesia,Maluku,Permanent agriculture,2002,7379
Indonesia,Maluku,Settlements & Infrastructure,2002,95
Indonesia,Maluku,Shifting cultivation,2002,3018
Indonesia,Maluku,Wildfire,2002,1344
Indonesia,Maluku,Hard commodities,2003,2
Indonesia,Maluku,Logging,2003,973
Indonesia,Maluku,Other natural disturbances,2003,251
Indonesia,Maluku,Permanent agriculture,2003,1555
Indonesia,Maluku,Settlements & Infrastructure,2003,15
Indonesia,Maluku,Shifting cultivation,2003,1115
Indonesia,Maluku,Wildfire,2003,345
Indonesia,Maluku,Hard commodities,2004,16
Indonesia,Maluku,Logging,2004,1306
Indonesia,Maluku,Other natural disturbances,2004,369
Indonesia,Maluku,Permanent agriculture,2004,2847
Indonesia,Maluku,Settlements & Infrastructure,2004,46
Indonesia,Maluku,Shifting cultivation,2004,2211
Indonesia,Maluku,Wildfire,2004,489
Indonesia,Maluku,Hard commodities,2005,4
Indonesia,Maluku,Logging,2005,939
Indonesia,Maluku,Other natural disturbances,2005,315
Indonesia,Maluku,Permanent agriculture,2005,2425
Indonesia,Maluku,Settlements & Infrastructure,2005,60
Indonesia,Maluku,Shifting cultivation,2005,1485
Indonesia,Maluku,Wildfire,2005,288
Indonesia,Maluku,Hard commodities,2006,8
Indonesia,Maluku,Logging,2006,2397
Indonesia,Maluku,Other natural disturbances,2006,515
Indonesia,Maluku,Permanent agriculture,2006,5573
Indonesia,Maluku,Settlements & Infrastructure,2006,146
Indonesia,Maluku,Shifting cultivation,2006,2600
Indonesia,Maluku,Wildfire,2006,1081
Indonesia,Maluku,Hard commodities,2007,6
Indonesia,Maluku,Logging,2007,1110
Indonesia,Maluku,Other natural disturbances,2007,289
Indonesia,Maluku,Permanent agriculture,2007,1714
Indonesia,Maluku,Settlements & Infrastructure,2007,62
Indonesia,Maluku,Shifting cultivation,2007,968
Indonesia,Maluku,Wildfire,2007,229
Indonesia,Maluku,Hard commodities,2008,11
Indonesia,Maluku,Logging,2008,554
Indonesia,Maluku,Other natural disturbances,2008,167
Indonesia,Maluku,Permanent agriculture,2008,1594
Indonesia,Maluku,Settlements & Infrastructure,2008,20
Indonesia,Maluku,Shifting cultivation,2008,416
Indonesia,Maluku,Wildfire,2008,124
Indonesia,Maluku,Hard commodities,2009,27
Indonesia,Maluku,Logging,2009,1789
Indonesia,Maluku,Other natural disturbances,2009,726
Indonesia,Maluku,Permanent agriculture,2009,7895
Indonesia,Maluku,Settlements & Infrastructure,2009,139
Indonesia,Maluku,Shifting cultivation,2009,2093
Indonesia,Maluku,Wildfire,2009,608
Indonesia,Maluku,Hard commodities,2010,3
Indonesia,Maluku,Logging,2010,896
Indonesia,Maluku,Other natural disturbances,2010,277
Indonesia,Maluku,Permanent agriculture,2010,2201
Indonesia,Maluku,Settlements & Infrastructure,2010,70
Indonesia,Maluku,Shifting cultivation,2010,663
Indonesia,Maluku,Wildfire,2010,183
Indonesia,Maluku,Hard commodities,2011,9
Indonesia,Maluku,Logging,2011,906
Indonesia,Maluku,Other natural disturbances,2011,383
Indonesia,Maluku,Permanent agriculture,2011,6632
Indonesia,Maluku,Settlements & Infrastructure,2011,100
Indonesia,Maluku,Shifting cultivation,2011,881
Indonesia,Maluku,Wildfire,2011,344
Indonesia,Maluku,Hard commodities,2012,13
Indonesia,Maluku,Logging,2012,1619
Indonesia,Maluku,Other natural disturbances,2012,844
Indonesia,Maluku,Permanent agriculture,2012,6456
Indonesia,Maluku,Settlements & Infrastructure,2012,156
Indonesia,Maluku,Shifting cultivation,2012,1302
Indonesia,Maluku,Wildfire,2012,596
Indonesia,Maluku,Hard commodities,2013,3
Indonesia,Maluku,Logging,2013,893
Indonesia,Maluku,Other natural disturbances,2013,294
Indonesia,Maluku,Permanent agriculture,2013,2419
Indonesia,Maluku,Settlements & Infrastructure,2013,30
Indonesia,Maluku,Shifting cultivation,2013,604
Indonesia,Maluku,Wildfire,2013,320
Indonesia,Maluku,Hard commodities,2014,10
Indonesia,Maluku,Logging,2014,2168
Indonesia,Maluku,Other natural disturbances,2014,901
Indonesia,Maluku,Permanent agriculture,2014,8822
Indonesia,Maluku,Settlements & Infrastructure,2014,154
Indonesia,Maluku,Shifting cultivation,2014,2017
Indonesia,Maluku,Wildfire,2014,958
Indonesia,Maluku,Hard commodities,2015,29
Indonesia,Maluku,Logging,2015,5916
Indonesia,Maluku,Other natural disturbances,2015,2330
Indonesia,Maluku,Permanent agriculture,2015,13226
Indonesia,Maluku,Settlements & Infrastructure,2015,144
Indonesia,Maluku,Shifting cultivation,2015,5351
Indonesia,Maluku,Wildfire,2015,21873
Indonesia,Maluku,Hard commodities,2016,16
Indonesia,Maluku,Logging,2016,4435
Indonesia,Maluku,Other natural disturbances,2016,1864
Indonesia,Maluku,Permanent agriculture,2016,6170
Indonesia,Maluku,Settlements & Infrastructure,2016,132
Indonesia,Maluku,Shifting cultivation,2016,2257
Indonesia,Maluku,Wildfire,2016,12673
Indonesia,Maluku,Hard commodities,2017,21
Indonesia,Maluku,Logging,2017,2602
Indonesia,Maluku,Other natural disturbances,2017,439
Indonesia,Maluku,Permanent agriculture,2017,2400
Indonesia,Maluku,Settlements & Infrastructure,2017,80
Indonesia,Maluku,Shifting cultivation,2017,1321
Indonesia,Maluku,Wildfire,2017,402
Indonesia,Maluku,Hard commodities,2018,39
Indonesia,Maluku,Logging,2018,4249
Indonesia,Maluku,Other natural disturbances,2018,598
Indonesia,Maluku,Permanent agriculture,2018,3942
Indonesia,Maluku,Settlements & Infrastructure,2018,94
Indonesia,Maluku,Shifting cultivation,2018,1771
Indonesia,Maluku,Wildfire,2018,452
Indonesia,Maluku,Hard commodities,2019,51
Indonesia,Maluku,Logging,2019,3731
Indonesia,Maluku,Other natural disturbances,2019,884
Indonesia,Maluku,Permanent agriculture,2019,7312
Indonesia,Maluku,Settlements & Infrastructure,2019,96
Indonesia,Maluku,Shifting cultivation,2019,2486
Indonesia,Maluku,Wildfire,2019,2575
Indonesia,Maluku,Hard commodities,2020,15
Indonesia,Maluku,Logging,2020,1292
Indonesia,Maluku,Other natural disturbances,2020,355
Indonesia,Maluku,Permanent agriculture,2020,2358
Indonesia,Maluku,Settlements & Infrastructure,2020,55
Indonesia,Maluku,Shifting cultivation,2020,1075
Indonesia,Maluku,Wildfire,2020,478
Indonesia,Maluku,Hard commodities,2021,20
Indonesia,Maluku,Logging,2021,1039
Indonesia,Maluku,Other natural disturbances,2021,284
Indonesia,Maluku,Permanent agriculture,2021,1489
Indonesia,Maluku,Settlements & Infrastructure,2021,33
Indonesia,Maluku,Shifting cultivation,2021,621
Indonesia,Maluku,Wildfire,2021,196
Indonesia,Maluku,Hard commodities,2022,38
Indonesia,Maluku,Logging,2022,1260
Indonesia,Maluku,Other natural disturbances,2022,736
Indonesia,Maluku,Permanent agriculture,2022,1862
Indonesia,Maluku,Settlements & Infrastructure,2022,41
Indonesia,Maluku,Shifting cultivation,2022,887
Indonesia,Maluku,Wildfire,2022,179
Indonesia,Maluku,Hard commodities,2023,95
Indonesia,Maluku,Logging,2023,1800
Indonesia,Maluku,Other natural disturbances,2023,974
Indonesia,Maluku,Permanent agriculture,2023,7557
Indonesia,Maluku,Settlements & Infrastructure,2023,84
Indonesia,Maluku,Shifting cultivation,2023,2460
Indonesia,Maluku,Wildfire,2023,1304
Indonesia,Maluku,Hard commodities,2024,19
Indonesia,Maluku,Logging,2024,868
Indonesia,Maluku,Other natural disturbances,2024,470
Indonesia,Maluku,Permanent agriculture,2024,2203
Indonesia,Maluku,Settlements & Infrastructure,2024,31
Indonesia,Maluku,Shifting cultivation,2024,1130
Indonesia,Maluku,Wildfire,2024,467
Indonesia,Maluku,Hard commodities,2025,15
Indonesia,Maluku,Logging,2025,883
Indonesia,Maluku,Other natural disturbances,2025,406
Indonesia,Maluku,Permanent agriculture,2025,1626
Indonesia,Maluku,Settlements & Infrastructure,2025,25
Indonesia,Maluku,Shifting cultivation,2025,949
Indonesia,Maluku,Wildfire,2025,148
Indonesia,Maluku Utara,Hard commodities,2001,199
Indonesia,Maluku Utara,Logging,2001,2014
Indonesia,Maluku Utara,Other natural disturbances,2001,56
Indonesia,Maluku Utara,Permanent agriculture,2001,2183
Indonesia,Maluku Utara,Settlements & Infrastructure,2001,29
Indonesia,Maluku Utara,Shifting cultivation,2001,2626
Indonesia,Maluku Utara,Wildfire,2001,199
Indonesia,Maluku Utara,Hard commodities,2002,1423
Indonesia,Maluku Utara,Logging,2002,4055
Indonesia,Maluku Utara,Other natural disturbances,2002,230
Indonesia,Maluku Utara,Permanent agriculture,2002,7014
Indonesia,Maluku Utara,Settlements & Infrastructure,2002,272
Indonesia,Maluku Utara,Shifting cultivation,2002,6653
Indonesia,Maluku Utara,Wildfire,2002,3676
Indonesia,Maluku Utara,Hard commodities,2003,360
Indonesia,Maluku Utara,Logging,2003,2358
Indonesia,Maluku Utara,Other natural disturbances,2003,240
Indonesia,Maluku Utara,Permanent agriculture,2003,1450
Indonesia,Maluku Utara,Settlements & Infrastructure,2003,33
Indonesia,Maluku Utara,Shifting cultivation,2003,1793
Indonesia,Maluku Utara,Wildfire,2003,3761
Indonesia,Maluku Utara,Hard commodities,2004,173
Indonesia,Maluku Utara,Logging,2004,3978
Indonesia,Maluku Utara,Other natural disturbances,2004,137
Indonesia,Maluku Utara,Permanent agriculture,2004,3363
Indonesia,Maluku Utara,Settlements & Infrastructure,2004,126
Indonesia,Maluku Utara,Shifting cultivation,2004,3906
Indonesia,Maluku Utara,Wildfire,2004,284
Indonesia,Maluku Utara,Hard commodities,2005,152
Indonesia,Maluku Utara,Logging,2005,2475
Indonesia,Maluku Utara,Other natural disturbances,2005,82
Indonesia,Maluku Utara,Permanent agriculture,2005,1537
Indonesia,Maluku Utara,Settlements & Infrastructure,2005,37
Indonesia,Maluku Utara,Shifting cultivation,2005,1871
Indonesia,Maluku Utara,Wildfire,2005,223
Indonesia,Maluku Utara,Hard commodities,2006,469
Indonesia,Maluku Utara,Logging,2006,5407
Indonesia,Maluku Utara,Other natural disturbances,2006,140
Indonesia,Maluku Utara,Permanent agriculture,2006,4506
Indonesia,Maluku Utara,Settlements & Infrastructure,2006,179
Indonesia,Maluku Utara,Shifting cultivation,2006,4851
Indonesia,Maluku Utara,Wildfire,2006,483
Indonesia,Maluku Utara,Hard commodities,2007,193
Indonesia,Maluku Utara,Logging,2007,1781
Indonesia,Maluku Utara,Other natural disturbances,2007,84
Indonesia,Maluku Utara,Permanent agriculture,2007,1787
Indonesia,Maluku Utara,Settlements & Infrastructure,2007,82
Indonesia,Maluku Utara,Shifting cultivation,2007,1275
Indonesia,Maluku Utara,Wildfire,2007,107
Indonesia,Maluku Utara,Hard commodities,2008,327
Indonesia,Maluku Utara,Logging,2008,1482
Indonesia,Maluku Utara,Other natural disturbances,2008,69
Indonesia,Maluku Utara,Permanent agriculture,2008,1563
Indonesia,Maluku Utara,Settlements & Infrastructure,2008,99
Indonesia,Maluku Utara,Shifting cultivation,2008,1174
Indonesia,Maluku Utara,Wildfire,2008,210
Indonesia,Maluku Utara,Hard commodities,2009,465
Indonesia,Maluku Utara,Logging,2009,2922
Indonesia,Maluku Utara,Other natural disturbances,2009,154
Indonesia,Maluku Utara,Permanent agriculture,2009,5000
Indonesia,Maluku Utara,Settlements & Infrastructure,2009,356
Indonesia,Maluku Utara,Shifting cultivation,2009,3814
Indonesia,Maluku Utara,Wildfire,2009,704
Indonesia,Maluku Utara,Hard commodities,2010,541
Indonesia,Maluku Utara,Logging,2010,1501
Indonesia,Maluku Utara,Other natural disturbances,2010,84
Indonesia,Maluku Utara,Permanent agriculture,2010,1791
Indonesia,Maluku Utara,Settlements & Infrastructure,2010,91
Indonesia,Maluku Utara,Shifting cultivation,2010,1767
Indonesia,Maluku Utara,Wildfire,2010,219
Indonesia,Maluku Utara,Hard commodities,2011,453
Indonesia,Maluku Utara,Logging,2011,1239
Indonesia,Maluku Utara,Other natural disturbances,2011,101
Indonesia,Maluku Utara,Permanent agriculture,2011,2086
Indonesia,Maluku Utara,Settlements & Infrastructure,2011,59
Indonesia,Maluku Utara,Shifting cultivation,2011,1584
Indonesia,Maluku Utara,Wildfire,2011,148
Indonesia,Maluku Utara,Hard commodities,2012,482
Indonesia,Maluku Utara,Logging,2012,1612
Indonesia,Maluku Utara,Other natural disturbances,2012,174
Indonesia,Maluku Utara,Permanent agriculture,2012,3600
Indonesia,Maluku Utara,Settlements & Infrastructure,2012,218
Indonesia,Maluku Utara,Shifting cultivation,2012,2515
Indonesia,Maluku Utara,Wildfire,2012,244
Indonesia,Maluku Utara,Hard commodities,2013,141
Indonesia,Maluku Utara,Logging,2013,1166
Indonesia,Maluku Utara,Other natural disturbances,2013,68
Indonesia,Maluku Utara,Permanent agriculture,2013,3073
Indonesia,Maluku Utara,Settlements & Infrastructure,2013,49
Indonesia,Maluku Utara,Shifting cultivation,2013,2023
Indonesia,Maluku Utara,Wildfire,2013,220
Indonesia,Maluku Utara,Hard commodities,2014,345
Indonesia,Maluku Utara,Logging,2014,3175
Indonesia,Maluku Utara,Other natural disturbances,2014,308
Indonesia,Maluku Utara,Permanent agriculture,2014,8796
Indonesia,Maluku Utara,Settlements & Infrastructure,2014,132
Indonesia,Maluku Utara,Shifting cultivation,2014,4639
Indonesia,Maluku Utara,Wildfire,2014,518
Indonesia,Maluku Utara,Hard commodities,2015,702
Indonesia,Maluku Utara,Logging,2015,7665
Indonesia,Maluku Utara,Other natural disturbances,2015,730
Indonesia,Maluku Utara,Permanent agriculture,2015,14259
Indonesia,Maluku Utara,Settlements & Infrastructure,2015,316
Indonesia,Maluku Utara,Shifting cultivation,2015,11585
Indonesia,Maluku Utara,Wildfire,2015,10128
Indonesia,Maluku Utara,Hard commodities,2016,699
Indonesia,Maluku Utara,Logging,2016,3704
Indonesia,Maluku Utara,Other natural disturbances,2016,569
Indonesia,Maluku Utara,Permanent agriculture,2016,6968
Indonesia,Maluku Utara,Settlements & Infrastructure,2016,125
Indonesia,Maluku Utara,Shifting cultivation,2016,4202
Indonesia,Maluku Utara,Wildfire,2016,10526
Indonesia,Maluku Utara,Hard commodities,2017,114
Indonesia,Maluku Utara,Logging,2017,3004
Indonesia,Maluku Utara,Other natural disturbances,2017,151
Indonesia,Maluku Utara,Permanent agriculture,2017,3585
Indonesia,Maluku Utara,Settlements & Infrastructure,2017,91
Indonesia,Maluku Utara,Shifting cultivation,2017,3336
Indonesia,Maluku Utara,Wildfire,2017,246
Indonesia,Maluku Utara,Hard commodities,2018,376
Indonesia,Maluku Utara,Logging,2018,3147
Indonesia,Maluku Utara,Other natural disturbances,2018,107
Indonesia,Maluku Utara,Permanent agriculture,2018,4325
Indonesia,Maluku Utara,Settlements & Infrastructure,2018,161
Indonesia,Maluku Utara,Shifting cultivation,2018,3957
Indonesia,Maluku Utara,Wildfire,2018,278
Indonesia,Maluku Utara,Hard commodities,2019,599
Indonesia,Maluku Utara,Logging,2019,3247
Indonesia,Maluku Utara,Other natural disturbances,2019,114
Indonesia,Maluku Utara,Permanent agriculture,2019,5099
Indonesia,Maluku Utara,Settlements & Infrastructure,2019,181
Indonesia,Maluku Utara,Shifting cultivation,2019,4450
Indonesia,Maluku Utara,Wildfire,2019,463
Indonesia,Maluku Utara,Hard commodities,2020,552
Indonesia,Maluku Utara,Logging,2020,1978
Indonesia,Maluku Utara,Other natural disturbances,2020,105
Indonesia,Maluku Utara,Permanent agriculture,2020,2214
Indonesia,Maluku Utara,Settlements & Infrastructure,2020,90
Indonesia,Maluku Utara,Shifting cultivation,2020,2210
Indonesia,Maluku Utara,Wildfire,2020,253
Indonesia,Maluku Utara,Hard commodities,2021,631
Indonesia,Maluku Utara,Logging,2021,1737
Indonesia,Maluku Utara,Other natural disturbances,2021,121
Indonesia,Maluku Utara,Permanent agriculture,2021,1579
Indonesia,Maluku Utara,Settlements & Infrastructure,2021,138
Indonesia,Maluku Utara,Shifting cultivation,2021,1701
Indonesia,Maluku Utara,Wildfire,2021,114
Indonesia,Maluku Utara,Hard commodities,2022,1104
Indonesia,Maluku Utara,Logging,2022,1702
Indonesia,Maluku Utara,Other natural disturbances,2022,156
Indonesia,Maluku Utara,Permanent agriculture,2022,1463
Indonesia,Maluku Utara,Settlements & Infrastructure,2022,107
Indonesia,Maluku Utara,Shifting cultivation,2022,1631
Indonesia,Maluku Utara,Wildfire,2022,163
Indonesia,Maluku Utara,Hard commodities,2023,2061
Indonesia,Maluku Utara,Logging,2023,1970
Indonesia,Maluku Utara,Other natural disturbances,2023,135
Indonesia,Maluku Utara,Permanent agriculture,2023,3711
Indonesia,Maluku Utara,Settlements & Infrastructure,2023,154
Indonesia,Maluku Utara,Shifting cultivation,2023,3394
Indonesia,Maluku Utara,Wildfire,2023,458
Indonesia,Maluku Utara,Hard commodities,2024,1131
Indonesia,Maluku Utara,Logging,2024,2024
Indonesia,Maluku Utara,Other natural disturbances,2024,104
Indonesia,Maluku Utara,Permanent agriculture,2024,1789
Indonesia,Maluku Utara,Settlements & Infrastructure,2024,43
Indonesia,Maluku Utara,Shifting cultivation,2024,1959
Indonesia,Maluku Utara,Wildfire,2024,244
Indonesia,Maluku Utara,Hard commodities,2025,1397
Indonesia,Maluku Utara,Logging,2025,2721
Indonesia,Maluku Utara,Other natural disturbances,2025,202
Indonesia,Maluku Utara,Permanent agriculture,2025,2625
Indonesia,Maluku Utara,Settlements & Infrastructure,2025,78
Indonesia,Maluku Utara,Shifting cultivation,2025,1918
Indonesia,Maluku Utara,Wildfire,2025,400
Indonesia,Nusa Tenggara Barat,Hard commodities,2001,87
Indonesia,Nusa Tenggara Barat,Logging,2001,401
Indonesia,Nusa Tenggara Barat,Other natural disturbances,2001,232
Indonesia,Nusa Tenggara Barat,Permanent agriculture,2001,1726
Indonesia,Nusa Tenggara Barat,Settlements & Infrastructure,2001,31
Indonesia,Nusa Tenggara Barat,Shifting cultivation,2001,327
Indonesia,Nusa Tenggara Barat,Wildfire,2001,6
Indonesia,Nusa Tenggara Barat,Hard commodities,2002,56
Indonesia,Nusa Tenggara Barat,Logging,2002,95
Indonesia,Nusa Tenggara Barat,Other natural disturbances,2002,125
Indonesia,Nusa Tenggara Barat,Permanent agriculture,2002,2041
Indonesia,Nusa Tenggara Barat,Settlements & Infrastructure,2002,10
Indonesia,Nusa Tenggara Barat,Shifting cultivation,2002,294
Indonesia,Nusa Tenggara Barat,Wildfire,2002,21
Indonesia,Nusa Tenggara Barat,Hard commodities,2003,39
Indonesia,Nusa Tenggara Barat,Logging,2003,22
Indonesia,Nusa Tenggara Barat,Other natural disturbances,2003,207
Indonesia,Nusa Tenggara Barat,Permanent agriculture,2003,1276
Indonesia,Nusa Tenggara Barat,Settlements & Infrastructure,2003,5
Indonesia,Nusa Tenggara Barat,Shifting cultivation,2003,123
Indonesia,Nusa Tenggara Barat,Wildfire,2003,25
Indonesia,Nusa Tenggara Barat,Hard commodities,2004,86
Indonesia,Nusa Tenggara Barat,Logging,2004,140
Indonesia,Nusa Tenggara Barat,Other natural disturbances,2004,124
Indonesia,Nusa Tenggara Barat,Permanent agriculture,2004,3850
Indonesia,Nusa Tenggara Barat,Settlements & Infrastructure,2004,27
Indonesia,Nusa Tenggara Barat,Shifting cultivation,2004,259
Indonesia,Nusa Tenggara Barat,Wildfire,2004,22
Indonesia,Nusa Tenggara Barat,Hard commodities,2005,44
Indonesia,Nusa Tenggara Barat,Logging,2005,70
Indonesia,Nusa Tenggara Barat,Other natural disturbances,2005,137
Indonesia,Nusa Tenggara Barat,Permanent agriculture,2005,1481
Indonesia,Nusa Tenggara Barat,Settlements & Infrastructure,2005,20
Indonesia,Nusa Tenggara Barat,Shifting cultivation,2005,195
Indonesia,Nusa Tenggara Barat,Wildfire,2005,58
Indonesia,Nusa Tenggara Barat,Hard commodities,2006,79
Indonesia,Nusa Tenggara Barat,Logging,2006,47
Indonesia,Nusa Tenggara Barat,Other natural disturbances,2006,285
Indonesia,Nusa Tenggara Barat,Permanent agriculture,2006,1873
Indonesia,Nusa Tenggara Barat,Settlements & Infrastructure,2006,32
Indonesia,Nusa Tenggara Barat,Shifting cultivation,2006,118
Indonesia,Nusa Tenggara Barat,Wildfire,2006,22
Indonesia,Nusa Tenggara Barat,Hard commodities,2007,69
Indonesia,Nusa Tenggara Barat,Logging,2007,36
Indonesia,Nusa Tenggara Barat,Other natural disturbances,2007,103
Indonesia,Nusa Tenggara Barat,Permanent agriculture,2007,1519
Indonesia,Nusa Tenggara Barat,Settlements & Infrastructure,2007,21
Indonesia,Nusa Tenggara Barat,Shifting cultivation,2007,165
Indonesia,Nusa Tenggara Barat,Wildfire,2007,51
Indonesia,Nusa Tenggara Barat,Hard commodities,2008,42
Indonesia,Nusa Tenggara Barat,Logging,2008,29
Indonesia,Nusa Tenggara Barat,Other natural disturbances,2008,52
Indonesia,Nusa Tenggara Barat,Permanent agriculture,2008,2446
Indonesia,Nusa Tenggara Barat,Settlements & Infrastructure,2008,19
Indonesia,Nusa Tenggara Barat,Shifting cultivation,2008,97
Indonesia,Nusa Tenggara Barat,Wildfire,2008,15
Indonesia,Nusa Tenggara Barat,Hard commodities,2009,1
Indonesia,Nusa Tenggara Barat,Logging,2009,24
Indonesia,Nusa Tenggara Barat,Other natural disturbances,2009,49
Indonesia,Nusa Tenggara Barat,Permanent agriculture,2009,1708
Indonesia,Nusa Tenggara Barat,Settlements & Infrastructure,2009,44
Indonesia,Nusa Tenggara Barat,Shifting cultivation,2009,82
Indonesia,Nusa Tenggara Barat,Wildfire,2009,8
Indonesia,Nusa Tenggara Barat,Hard commodities,2010,56
Indonesia,Nusa Tenggara Barat,Logging,2010,40
Indonesia,Nusa Tenggara Barat,Other natural disturbances,2010,87
Indonesia,Nusa Tenggara Barat,Permanent agriculture,2010,795
Indonesia,Nusa Tenggara Barat,Settlements & Infrastructure,2010,18
Indonesia,Nusa Tenggara Barat,Shifting cultivation,2010,111
Indonesia,Nusa Tenggara Barat,Wildfire,2010,11
Indonesia,Nusa Tenggara Barat,Hard commodities,2011,104
Indonesia,Nusa Tenggara Barat,Logging,2011,27
Indonesia,Nusa Tenggara Barat,Other natural disturbances,2011,41
Indonesia,Nusa Tenggara Barat,Permanent agriculture,2011,2044
Indonesia,Nusa Tenggara Barat,Settlements & Infrastructure,2011,29
Indonesia,Nusa Tenggara Barat,Shifting cultivation,2011,38
Indonesia,Nusa Tenggara Barat,Wildfire,2011,2
Indonesia,Nusa Tenggara Barat,Hard commodities,2012,123
Indonesia,Nusa Tenggara Barat,Logging,2012,119
Indonesia,Nusa Tenggara Barat,Other natural disturbances,2012,169
Indonesia,Nusa Tenggara Barat,Permanent agriculture,2012,2402
Indonesia,Nusa Tenggara Barat,Settlements & Infrastructure,2012,49
Indonesia,Nusa Tenggara Barat,Shifting cultivation,2012,160
Indonesia,Nusa Tenggara Barat,Wildfire,2012,10
Indonesia,Nusa Tenggara Barat,Hard commodities,2013,38
Indonesia,Nusa Tenggara Barat,Logging,2013,8
Indonesia,Nusa Tenggara Barat,Other natural disturbances,2013,27
Indonesia,Nusa Tenggara Barat,Permanent agriculture,2013,1404
Indonesia,Nusa Tenggara Barat,Settlements & Infrastructure,2013,8
Indonesia,Nusa Tenggara Barat,Shifting cultivation,2013,32
Indonesia,Nusa Tenggara Barat,Wildfire,2013,1
Indonesia,Nusa Tenggara Barat,Hard commodities,2014,33
Indonesia,Nusa Tenggara Barat,Logging,2014,37
Indonesia,Nusa Tenggara Barat,Other natural disturbances,2014,140
Indonesia,Nusa Tenggara Barat,Permanent agriculture,2014,6709
Indonesia,Nusa Tenggara Barat,Settlements & Infrastructure,2014,22
Indonesia,Nusa Tenggara Barat,Shifting cultivation,2014,145
Indonesia,Nusa Tenggara Barat,Wildfire,2014,15
Indonesia,Nusa Tenggara Barat,Hard commodities,2015,12
Indonesia,Nusa Tenggara Barat,Logging,2015,79
Indonesia,Nusa Tenggara Barat,Other natural disturbances,2015,91
Indonesia,Nusa Tenggara Barat,Permanent agriculture,2015,3980
Indonesia,Nusa Tenggara Barat,Settlements & Infrastructure,2015,4
Indonesia,Nusa Tenggara Barat,Shifting cultivation,2015,155
Indonesia,Nusa Tenggara Barat,Wildfire,2015,90
Indonesia,Nusa Tenggara Barat,Hard commodities,2016,45
Indonesia,Nusa Tenggara Barat,Logging,2016,40
Indonesia,Nusa Tenggara Barat,Other natural disturbances,2016,69
Indonesia,Nusa Tenggara Barat,Permanent agriculture,2016,3555
Indonesia,Nusa Tenggara Barat,Settlements & Infrastructure,2016,16
Indonesia,Nusa Tenggara Barat,Shifting cultivation,2016,80
Indonesia,Nusa Tenggara Barat,Wildfire,2016,213
Indonesia,Nusa Tenggara Barat,Hard commodities,2017,76
Indonesia,Nusa Tenggara Barat,Logging,2017,75
Indonesia,Nusa Tenggara Barat,Other natural disturbances,2017,34
Indonesia,Nusa Tenggara Barat,Permanent agriculture,2017,5874
Indonesia,Nusa Tenggara Barat,Settlements & Infrastructure,2017,26
Indonesia,Nusa Tenggara Barat,Shifting cultivation,2017,87
Indonesia,Nusa Tenggara Barat,Wildfire,2017,14
Indonesia,Nusa Tenggara Barat,Hard commodities,2018,109
Indonesia,Nusa Tenggara Barat,Logging,2018,40
Indonesia,Nusa Tenggara Barat,Other natural disturbances,2018,66
Indonesia,Nusa Tenggara Barat,Permanent agriculture,2018,7765
Indonesia,Nusa Tenggara Barat,Settlements & Infrastructure,2018,21
Indonesia,Nusa Tenggara Barat,Shifting cultivation,2018,131
Indonesia,Nusa Tenggara Barat,Wildfire,2018,3
Indonesia,Nusa Tenggara Barat,Hard commodities,2019,181
Indonesia,Nusa Tenggara Barat,Logging,2019,32
Indonesia,Nusa Tenggara Barat,Other natural disturbances,2019,176
Indonesia,Nusa Tenggara Barat,Permanent agriculture,2019,7993
Indonesia,Nusa Tenggara Barat,Settlements & Infrastructure,2019,35
Indonesia,Nusa Tenggara Barat,Shifting cultivation,2019,125
Indonesia,Nusa Tenggara Barat,Wildfire,2019,145
Indonesia,Nusa Tenggara Barat,Hard commodities,2020,129
Indonesia,Nusa Tenggara Barat,Logging,2020,22
Indonesia,Nusa Tenggara Barat,Other natural disturbances,2020,654
Indonesia,Nusa Tenggara Barat,Permanent agriculture,2020,5380
Indonesia,Nusa Tenggara Barat,Settlements & Infrastructure,2020,28
Indonesia,Nusa Tenggara Barat,Shifting cultivation,2020,112
Indonesia,Nusa Tenggara Barat,Wildfire,2020,260
Indonesia,Nusa Tenggara Barat,Hard commodities,2021,189
Indonesia,Nusa Tenggara Barat,Logging,2021,22
Indonesia,Nusa Tenggara Barat,Other natural disturbances,2021,42
Indonesia,Nusa Tenggara Barat,Permanent agriculture,2021,4462
Indonesia,Nusa Tenggara Barat,Settlements & Infrastructure,2021,24
Indonesia,Nusa Tenggara Barat,Shifting cultivation,2021,64
Indonesia,Nusa Tenggara Barat,Wildfire,2021,1
Indonesia,Nusa Tenggara Barat,Hard commodities,2022,368
Indonesia,Nusa Tenggara Barat,Logging,2022,23
Indonesia,Nusa Tenggara Barat,Other natural disturbances,2022,50
Indonesia,Nusa Tenggara Barat,Permanent agriculture,2022,4990
Indonesia,Nusa Tenggara Barat,Settlements & Infrastructure,2022,40
Indonesia,Nusa Tenggara Barat,Shifting cultivation,2022,129
Indonesia,Nusa Tenggara Barat,Wildfire,2022,4
Indonesia,Nusa Tenggara Barat,Hard commodities,2023,352
Indonesia,Nusa Tenggara Barat,Logging,2023,228
Indonesia,Nusa Tenggara Barat,Other natural disturbances,2023,37
Indonesia,Nusa Tenggara Barat,Permanent agriculture,2023,8811
Indonesia,Nusa Tenggara Barat,Settlements & Infrastructure,2023,51
Indonesia,Nusa Tenggara Barat,Shifting cultivation,2023,363
Indonesia,Nusa Tenggara Barat,Wildfire,2023,72
Indonesia,Nusa Tenggara Barat,Hard commodities,2024,148
Indonesia,Nusa Tenggara Barat,Logging,2024,66
Indonesia,Nusa Tenggara Barat,Other natural disturbances,2024,41
Indonesia,Nusa Tenggara Barat,Permanent agriculture,2024,5296
Indonesia,Nusa Tenggara Barat,Settlements & Infrastructure,2024,32
Indonesia,Nusa Tenggara Barat,Shifting cultivation,2024,541
Indonesia,Nusa Tenggara Barat,Wildfire,2024,19
Indonesia,Nusa Tenggara Barat,Hard commodities,2025,104
Indonesia,Nusa Tenggara Barat,Logging,2025,27
Indonesia,Nusa Tenggara Barat,Other natural disturbances,2025,91
Indonesia,Nusa Tenggara Barat,Permanent agriculture,2025,3118
Indonesia,Nusa Tenggara Barat,Settlements & Infrastructure,2025,22
Indonesia,Nusa Tenggara Barat,Shifting cultivation,2025,238
Indonesia,Nusa Tenggara Barat,Wildfire,2025,31
Indonesia,Nusa Tenggara Timur,Hard commodities,2001,19
Indonesia,Nusa Tenggara Timur,Logging,2001,38
Indonesia,Nusa Tenggara Timur,Other natural disturbances,2001,64
Indonesia,Nusa Tenggara Timur,Permanent agriculture,2001,3362
Indonesia,Nusa Tenggara Timur,Settlements & Infrastructure,2001,12
Indonesia,Nusa Tenggara Timur,Shifting cultivation,2001,1140
Indonesia,Nusa Tenggara Timur,Wildfire,2001,11
Indonesia,Nusa Tenggara Timur,Hard commodities,2002,19
Indonesia,Nusa Tenggara Timur,Logging,2002,26
Indonesia,Nusa Tenggara Timur,Other natural disturbances,2002,63
Indonesia,Nusa Tenggara Timur,Permanent agriculture,2002,3271
Indonesia,Nusa Tenggara Timur,Settlements & Infrastructure,2002,22
Indonesia,Nusa Tenggara Timur,Shifting cultivation,2002,1133
Indonesia,Nusa Tenggara Timur,Wildfire,2002,6
Indonesia,Nusa Tenggara Timur,Hard commodities,2003,14
Indonesia,Nusa Tenggara Timur,Logging,2003,18
Indonesia,Nusa Tenggara Timur,Other natural disturbances,2003,80
Indonesia,Nusa Tenggara Timur,Permanent agriculture,2003,2277
Indonesia,Nusa Tenggara Timur,Settlements & Infrastructure,2003,7
Indonesia,Nusa Tenggara Timur,Shifting cultivation,2003,1380
Indonesia,Nusa Tenggara Timur,Wildfire,2003,11
Indonesia,Nusa Tenggara Timur,Hard commodities,2004,27
Indonesia,Nusa Tenggara Timur,Logging,2004,48
Indonesia,Nusa Tenggara Timur,Other natural disturbances,2004,51
Indonesia,Nusa Tenggara Timur,Permanent agriculture,2004,3250
Indonesia,Nusa Tenggara Timur,Settlements & Infrastructure,2004,11
Indonesia,Nusa Tenggara Timur,Shifting cultivation,2004,1223
Indonesia,Nusa Tenggara Timur,Wildfire,2004,6
Indonesia,Nusa Tenggara Timur,Hard commodities,2005,15
Indonesia,Nusa Tenggara Timur,Logging,2005,128
Indonesia,Nusa Tenggara Timur,Other natural disturbances,2005,132
Indonesia,Nusa Tenggara Timur,Permanent agriculture,2005,3288
Indonesia,Nusa Tenggara Timur,Settlements & Infrastructure,2005,8
Indonesia,Nusa Tenggara Timur,Shifting cultivation,2005,1363
Indonesia,Nusa Tenggara Timur,Wildfire,2005,51
Indonesia,Nusa Tenggara Timur,Hard commodities,2006,25
Indonesia,Nusa Tenggara Timur,Logging,2006,105
Indonesia,Nusa Tenggara Timur,Other natural disturbances,2006,104
Indonesia,Nusa Tenggara Timur,Permanent agriculture,2006,4711
Indonesia,Nusa Tenggara Timur,Settlements & Infrastructure,2006,12
Indonesia,Nusa Tenggara Timur,Shifting cultivation,2006,1940
Indonesia,Nusa Tenggara Timur,Wildfire,2006,10
Indonesia,Nusa Tenggara Timur,Hard commodities,2007,39
Indonesia,Nusa Tenggara Timur,Logging,2007,62
Indonesia,Nusa Tenggara Timur,Other natural disturbances,2007,106
Indonesia,Nusa Tenggara Timur,Permanent agriculture,2007,3634
Indonesia,Nusa Tenggara Timur,Settlements & Infrastructure,2007,13
Indonesia,Nusa Tenggara Timur,Shifting cultivation,2007,1092
Indonesia,Nusa Tenggara Timur,Wildfire,2007,21
Indonesia,Nusa Tenggara Timur,Hard commodities,2008,60
Indonesia,Nusa Tenggara Timur,Logging,2008,32
Indonesia,Nusa Tenggara Timur,Other natural disturbances,2008,112
Indonesia,Nusa Tenggara Timur,Permanent agriculture,2008,3229
Indonesia,Nusa Tenggara Timur,Settlements & Infrastructure,2008,14
Indonesia,Nusa Tenggara Timur,Shifting cultivation,2008,891
Indonesia,Nusa Tenggara Timur,Wildfire,2008,52
Indonesia,Nusa Tenggara Timur,Hard commodities,2009,36
Indonesia,Nusa Tenggara Timur,Logging,2009,66
Indonesia,Nusa Tenggara Timur,Other natural disturbances,2009,90
Indonesia,Nusa Tenggara Timur,Permanent agriculture,2009,4435
Indonesia,Nusa Tenggara Timur,Settlements & Infrastructure,2009,18
Indonesia,Nusa Tenggara Timur,Shifting cultivation,2009,1122
Indonesia,Nusa Tenggara Timur,Wildfire,2009,69
Indonesia,Nusa Tenggara Timur,Hard commodities,2010,19
Indonesia,Nusa Tenggara Timur,Logging,2010,10
Indonesia,Nusa Tenggara Timur,Other natural disturbances,2010,84
Indonesia,Nusa Tenggara Timur,Permanent agriculture,2010,1268
Indonesia,Nusa Tenggara Timur,Settlements & Infrastructure,2010,7
Indonesia,Nusa Tenggara Timur,Shifting cultivation,2010,328
Indonesia,Nusa Tenggara Timur,Wildfire,2010,7
Indonesia,Nusa Tenggara Timur,Hard commodities,2011,106
Indonesia,Nusa Tenggara Timur,Logging,2011,47
Indonesia,Nusa Tenggara Timur,Other natural disturbances,2011,63
Indonesia,Nusa Tenggara Timur,Permanent agriculture,2011,6198
Indonesia,Nusa Tenggara Timur,Settlements & Infrastructure,2011,44
Indonesia,Nusa Tenggara Timur,Shifting cultivation,2011,1150
Indonesia,Nusa Tenggara Timur,Wildfire,2011,70
Indonesia,Nusa Tenggara Timur,Hard commodities,2012,43
Indonesia,Nusa Tenggara Timur,Logging,2012,29
Indonesia,Nusa Tenggara Timur,Other natural disturbances,2012,168
Indonesia,Nusa Tenggara Timur,Permanent agriculture,2012,3442
Indonesia,Nusa Tenggara Timur,Settlements & Infrastructure,2012,27
Indonesia,Nusa Tenggara Timur,Shifting cultivation,2012,790
Indonesia,Nusa Tenggara Timur,Wildfire,2012,8
Indonesia,Nusa Tenggara Timur,Hard commodities,2013,98
Indonesia,Nusa Tenggara Timur,Logging,2013,7
Indonesia,Nusa Tenggara Timur,Other natural disturbances,2013,142
Indonesia,Nusa Tenggara Timur,Permanent agriculture,2013,1489
Indonesia,Nusa Tenggara Timur,Settlements & Infrastructure,2013,9
Indonesia,Nusa Tenggara Timur,Shifting cultivation,2013,300
Indonesia,Nusa Tenggara Timur,Wildfire,2013,17
Indonesia,Nusa Tenggara Timur,Hard commodities,2014,56
Indonesia,Nusa Tenggara Timur,Logging,2014,104
Indonesia,Nusa Tenggara Timur,Other natural disturbances,2014,156
Indonesia,Nusa Tenggara Timur,Permanent agriculture,2014,7114
Indonesia,Nusa Tenggara Timur,Settlements & Infrastructure,2014,28
Indonesia,Nusa Tenggara Timur,Shifting cultivation,2014,1442
Indonesia,Nusa Tenggara Timur,Wildfire,2014,170
Indonesia,Nusa Tenggara Timur,Hard commodities,2015,36
Indonesia,Nusa Tenggara Timur,Logging,2015,101
Indonesia,Nusa Tenggara Timur,Other natural disturbances,2015,135
Indonesia,Nusa Tenggara Timur,Permanent agriculture,2015,5896
Indonesia,Nusa Tenggara Timur,Settlements & Infrastructure,2015,13
Indonesia,Nusa Tenggara Timur,Shifting cultivation,2015,1128
Indonesia,Nusa Tenggara Timur,Wildfire,2015,43
Indonesia,Nusa Tenggara Timur,Hard commodities,2016,52
Indonesia,Nusa Tenggara Timur,Logging,2016,35
Indonesia,Nusa Tenggara Timur,Other natural disturbances,2016,96
Indonesia,Nusa Tenggara Timur,Permanent agriculture,2016,6078
Indonesia,Nusa Tenggara Timur,Settlements & Infrastructure,2016,30
Indonesia,Nusa Tenggara Timur,Shifting cultivation,2016,959
Indonesia,Nusa Tenggara Timur,Wildfire,2016,80
Indonesia,Nusa Tenggara Timur,Hard commodities,2017,77
Indonesia,Nusa Tenggara Timur,Logging,2017,59
Indonesia,Nusa Tenggara Timur,Other natural disturbances,2017,184
Indonesia,Nusa Tenggara Timur,Permanent agriculture,2017,7964
Indonesia,Nusa Tenggara Timur,Settlements & Infrastructure,2017,54
Indonesia,Nusa Tenggara Timur,Shifting cultivation,2017,1726
Indonesia,Nusa Tenggara Timur,Wildfire,2017,233
Indonesia,Nusa Tenggara Timur,Hard commodities,2018,52
Indonesia,Nusa Tenggara Timur,Logging,2018,13
Indonesia,Nusa Tenggara Timur,Other natural disturbances,2018,35
Indonesia,Nusa Tenggara Timur,Permanent agriculture,2018,4146
Indonesia,Nusa Tenggara Timur,Settlements & Infrastructure,2018,38
Indonesia,Nusa Tenggara Timur,Shifting cultivation,2018,843
Indonesia,Nusa Tenggara Timur,Wildfire,2018,33
Indonesia,Nusa Tenggara Timur,Hard commodities,2019,105
Indonesia,Nusa Tenggara Timur,Logging,2019,72
Indonesia,Nusa Tenggara Timur,Other natural disturbances,2019,73
Indonesia,Nusa Tenggara Timur,Permanent agriculture,2019,5899
Indonesia,Nusa Tenggara Timur,Settlements & Infrastructure,2019,23
Indonesia,Nusa Tenggara Timur,Shifting cultivation,2019,1510
Indonesia,Nusa Tenggara Timur,Wildfire,2019,72
Indonesia,Nusa Tenggara Timur,Hard commodities,2020,70
Indonesia,Nusa Tenggara Timur,Logging,2020,36
Indonesia,Nusa Tenggara Timur,Other natural disturbances,2020,155
Indonesia,Nusa Tenggara Timur,Permanent agriculture,2020,4966
Indonesia,Nusa Tenggara Timur,Settlements & Infrastructure,2020,43
Indonesia,Nusa Tenggara Timur,Shifting cultivation,2020,1169
Indonesia,Nusa Tenggara Timur,Wildfire,2020,49
Indonesia,Nusa Tenggara Timur,Hard commodities,2021,239
Indonesia,Nusa Tenggara Timur,Logging,2021,103
Indonesia,Nusa Tenggara Timur,Other natural disturbances,2021,420
Indonesia,Nusa Tenggara Timur,Permanent agriculture,2021,6705
Indonesia,Nusa Tenggara Timur,Settlements & Infrastructure,2021,54
Indonesia,Nusa Tenggara Timur,Shifting cultivation,2021,2141
Indonesia,Nusa Tenggara Timur,Wildfire,2021,78
Indonesia,Nusa Tenggara Timur,Hard commodities,2022,46
Indonesia,Nusa Tenggara Timur,Logging,2022,85
Indonesia,Nusa Tenggara Timur,Other natural disturbances,2022,108
Indonesia,Nusa Tenggara Timur,Permanent agriculture,2022,5511
Indonesia,Nusa Tenggara Timur,Settlements & Infrastructure,2022,34
Indonesia,Nusa Tenggara Timur,Shifting cultivation,2022,1151
Indonesia,Nusa Tenggara Timur,Wildfire,2022,43
Indonesia,Nusa Tenggara Timur,Hard commodities,2023,61
Indonesia,Nusa Tenggara Timur,Logging,2023,37
Indonesia,Nusa Tenggara Timur,Other natural disturbances,2023,38
Indonesia,Nusa Tenggara Timur,Permanent agriculture,2023,6642
Indonesia,Nusa Tenggara Timur,Settlements & Infrastructure,2023,18
Indonesia,Nusa Tenggara Timur,Shifting cultivation,2023,1731
Indonesia,Nusa Tenggara Timur,Wildfire,2023,253
Indonesia,Nusa Tenggara Timur,Hard commodities,2024,20
Indonesia,Nusa Tenggara Timur,Logging,2024,29
Indonesia,Nusa Tenggara Timur,Other natural disturbances,2024,137
Indonesia,Nusa Tenggara Timur,Permanent agriculture,2024,5297
Indonesia,Nusa Tenggara Timur,Settlements & Infrastructure,2024,18
Indonesia,Nusa Tenggara Timur,Shifting cultivation,2024,923
Indonesia,Nusa Tenggara Timur,Wildfire,2024,44
Indonesia,Nusa Tenggara Timur,Hard commodities,2025,463
Indonesia,Nusa Tenggara Timur,Logging,2025,43
Indonesia,Nusa Tenggara Timur,Other natural disturbances,2025,80
Indonesia,Nusa Tenggara Timur,Permanent agriculture,2025,4658
Indonesia,Nusa Tenggara Timur,Settlements & Infrastructure,2025,17
Indonesia,Nusa Tenggara Timur,Shifting cultivation,2025,1121
Indonesia,Nusa Tenggara Timur,Wildfire,2025,468
Indonesia,Papua,Hard commodities,2001,19
Indonesia,Papua,Logging,2001,2934
Indonesia,Papua,Other natural disturbances,2001,1963
Indonesia,Papua,Permanent agriculture,2001,3791
Indonesia,Papua,Settlements & Infrastructure,2001,147
Indonesia,Papua,Shifting cultivation,2001,2876
Indonesia,Papua,Wildfire,2001,324
Indonesia,Papua,Hard commodities,2002,47
Indonesia,Papua,Logging,2002,4667
Indonesia,Papua,Other natural disturbances,2002,4374
Indonesia,Papua,Permanent agriculture,2002,5537
Indonesia,Papua,Settlements & Infrastructure,2002,266
Indonesia,Papua,Shifting cultivation,2002,3741
Indonesia,Papua,Wildfire,2002,1040
Indonesia,Papua,Hard commodities,2003,37
Indonesia,Papua,Logging,2003,3051
Indonesia,Papua,Other natural disturbances,2003,2712
Indonesia,Papua,Permanent agriculture,2003,2438
Indonesia,Papua,Settlements & Infrastructure,2003,162
Indonesia,Papua,Shifting cultivation,2003,2207
Indonesia,Papua,Wildfire,2003,620
Indonesia,Papua,Hard commodities,2004,42
Indonesia,Papua,Logging,2004,5322
Indonesia,Papua,Other natural disturbances,2004,3889
Indonesia,Papua,Permanent agriculture,2004,4872
Indonesia,Papua,Settlements & Infrastructure,2004,245
Indonesia,Papua,Shifting cultivation,2004,3396
Indonesia,Papua,Wildfire,2004,673
Indonesia,Papua,Hard commodities,2005,13
Indonesia,Papua,Logging,2005,2520
Indonesia,Papua,Other natural disturbances,2005,2777
Indonesia,Papua,Permanent agriculture,2005,5446
Indonesia,Papua,Settlements & Infrastructure,2005,276
Indonesia,Papua,Shifting cultivation,2005,2306
Indonesia,Papua,Wildfire,2005,870
Indonesia,Papua,Hard commodities,2006,42
Indonesia,Papua,Logging,2006,3474
Indonesia,Papua,Other natural disturbances,2006,3464
Indonesia,Papua,Permanent agriculture,2006,8507
Indonesia,Papua,Settlements & Infrastructure,2006,483
Indonesia,Papua,Shifting cultivation,2006,4216
Indonesia,Papua,Wildfire,2006,403
Indonesia,Papua,Hard commodities,2007,43
Indonesia,Papua,Logging,2007,4468
Indonesia,Papua,Other natural disturbances,2007,3475
Indonesia,Papua,Permanent agriculture,2007,7591
Indonesia,Papua,Settlements & Infrastructure,2007,615
Indonesia,Papua,Shifting cultivation,2007,3883
Indonesia,Papua,Wildfire,2007,395
Indonesia,Papua,Hard commodities,2008,36
Indonesia,Papua,Logging,2008,3824
Indonesia,Papua,Other natural disturbances,2008,2389
Indonesia,Papua,Permanent agriculture,2008,4997
Indonesia,Papua,Settlements & Infrastructure,2008,425
Indonesia,Papua,Shifting cultivation,2008,2983
Indonesia,Papua,Wildfire,2008,342
Indonesia,Papua,Hard commodities,2009,117
Indonesia,Papua,Logging,2009,4963
Indonesia,Papua,Other natural disturbances,2009,5000
Indonesia,Papua,Permanent agriculture,2009,6716
Indonesia,Papua,Settlements & Infrastructure,2009,592
Indonesia,Papua,Shifting cultivation,2009,4229
Indonesia,Papua,Wildfire,2009,601
Indonesia,Papua,Hard commodities,2010,131
Indonesia,Papua,Logging,2010,5517
Indonesia,Papua,Other natural disturbances,2010,5040
Indonesia,Papua,Permanent agriculture,2010,6779
Indonesia,Papua,Settlements & Infrastructure,2010,725
Indonesia,Papua,Shifting cultivation,2010,5681
Indonesia,Papua,Wildfire,2010,811
Indonesia,Papua,Hard commodities,2011,113
Indonesia,Papua,Logging,2011,4842
Indonesia,Papua,Other natural disturbances,2011,2908
Indonesia,Papua,Permanent agriculture,2011,12148
Indonesia,Papua,Settlements & Infrastructure,2011,272
Indonesia,Papua,Shifting cultivation,2011,1725
Indonesia,Papua,Wildfire,2011,303
Indonesia,Papua,Hard commodities,2012,114
Indonesia,Papua,Logging,2012,8983
Indonesia,Papua,Other natural disturbances,2012,6635
Indonesia,Papua,Permanent agriculture,2012,22606
Indonesia,Papua,Settlements & Infrastructure,2012,634
Indonesia,Papua,Shifting cultivation,2012,4219
Indonesia,Papua,Wildfire,2012,1285
Indonesia,Papua,Hard commodities,2013,90
Indonesia,Papua,Logging,2013,3931
Indonesia,Papua,Other natural disturbances,2013,2741
Indonesia,Papua,Permanent agriculture,2013,25885
Indonesia,Papua,Settlements & Infrastructure,2013,280
Indonesia,Papua,Shifting cultivation,2013,3736
Indonesia,Papua,Wildfire,2013,520
Indonesia,Papua,Hard commodities,2014,187
Indonesia,Papua,Logging,2014,8742
Indonesia,Papua,Other natural disturbances,2014,5706
Indonesia,Papua,Permanent agriculture,2014,33167
Indonesia,Papua,Settlements & Infrastructure,2014,631
Indonesia,Papua,Shifting cultivation,2014,7395
Indonesia,Papua,Wildfire,2014,1733
Indonesia,Papua,Hard commodities,2015,106
Indonesia,Papua,Logging,2015,11950
Indonesia,Papua,Other natural disturbances,2015,8759
Indonesia,Papua,Permanent agriculture,2015,38572
Indonesia,Papua,Settlements & Infrastructure,2015,758
Indonesia,Papua,Shifting cultivation,2015,8984
Indonesia,Papua,Wildfire,2015,12090
Indonesia,Papua,Hard commodities,2016,191
Indonesia,Papua,Logging,2016,14022
Indonesia,Papua,Other natural disturbances,2016,12225
Indonesia,Papua,Permanent agriculture,2016,27131
Indonesia,Papua,Settlements & Infrastructure,2016,658
Indonesia,Papua,Shifting cultivation,2016,7440
Indonesia,Papua,Wildfire,2016,20498
Indonesia,Papua,Hard commodities,2017,155
Indonesia,Papua,Logging,2017,8495
Indonesia,Papua,Other natural disturbances,2017,7085
Indonesia,Papua,Permanent agriculture,2017,21842
Indonesia,Papua,Settlements & Infrastructure,2017,385
Indonesia,Papua,Shifting cultivation,2017,9364
Indonesia,Papua,Wildfire,2017,1571
Indonesia,Papua,Hard commodities,2018,108
Indonesia,Papua,Logging,2018,9429
Indonesia,Papua,Other natural disturbances,2018,5033
Indonesia,Papua,Permanent agriculture,2018,10576
Indonesia,Papua,Settlements & Infrastructure,2018,336
Indonesia,Papua,Shifting cultivation,2018,7762
Indonesia,Papua,Wildfire,2018,1137
Indonesia,Papua,Hard commodities,2019,167
Indonesia,Papua,Logging,2019,9647
Indonesia,Papua,Other natural disturbances,2019,4143
Indonesia,Papua,Permanent agriculture,2019,10089
Indonesia,Papua,Settlements & Infrastructure,2019,479
Indonesia,Papua,Shifting cultivation,2019,8821
Indonesia,Papua,Wildfire,2019,801
Indonesia,Papua,Hard commodities,2020,140
Indonesia,Papua,Logging,2020,7471
Indonesia,Papua,Other natural disturbances,2020,3247
Indonesia,Papua,Permanent agriculture,2020,8824
Indonesia,Papua,Settlements & Infrastructure,2020,338
Indonesia,Papua,Shifting cultivation,2020,8873
Indonesia,Papua,Wildfire,2020,646
Indonesia,Papua,Hard commodities,2021,168
Indonesia,Papua,Logging,2021,8179
Indonesia,Papua,Other natural disturbances,2021,2852
Indonesia,Papua,Permanent agriculture,2021,6855
Indonesia,Papua,Settlements & Infrastructure,2021,175
Indonesia,Papua,Shifting cultivation,2021,7100
Indonesia,Papua,Wildfire,2021,537
Indonesia,Papua,Hard commodities,2022,264
Indonesia,Papua,Logging,2022,7255
Indonesia,Papua,Other natural disturbances,2022,3803
Indonesia,Papua,Permanent agriculture,2022,7416
Indonesia,Papua,Settlements & Infrastructure,2022,158
Indonesia,Papua,Shifting cultivation,2022,8322
Indonesia,Papua,Wildfire,2022,971
Indonesia,Papua,Hard commodities,2023,405
Indonesia,Papua,Logging,2023,4675
Indonesia,Papua,Other natural disturbances,2023,3608
Indonesia,Papua,Permanent agriculture,2023,5840
Indonesia,Papua,Settlements & Infrastructure,2023,213
Indonesia,Papua,Shifting cultivation,2023,7401
Indonesia,Papua,Wildfire,2023,738
Indonesia,Papua,Hard commodities,2024,438
Indonesia,Papua,Logging,2024,4985
Indonesia,Papua,Other natural disturbances,2024,3292
Indonesia,Papua,Permanent agriculture,2024,6923
Indonesia,Papua,Settlements & Infrastructure,2024,104
Indonesia,Papua,Shifting cultivation,2024,5990
Indonesia,Papua,Wildfire,2024,732
Indonesia,Papua,Hard commodities,2025,525
Indonesia,Papua,Logging,2025,11231
Indonesia,Papua,Other natural disturbances,2025,7436
Indonesia,Papua,Permanent agriculture,2025,15454
Indonesia,Papua,Settlements & Infrastructure,2025,134
Indonesia,Papua,Shifting cultivation,2025,6516
Indonesia,Papua,Wildfire,2025,5175
Indonesia,Papua Barat,Hard commodities,2001,10
Indonesia,Papua Barat,Logging,2001,2500
Indonesia,Papua Barat,Other natural disturbances,2001,490
Indonesia,Papua Barat,Permanent agriculture,2001,1429
Indonesia,Papua Barat,Settlements & Infrastructure,2001,82
Indonesia,Papua Barat,Shifting cultivation,2001,1288
Indonesia,Papua Barat,Wildfire,2001,97
Indonesia,Papua Barat,Hard commodities,2002,39
Indonesia,Papua Barat,Logging,2002,4885
Indonesia,Papua Barat,Other natural disturbances,2002,1053
Indonesia,Papua Barat,Permanent agriculture,2002,3730
Indonesia,Papua Barat,Settlements & Infrastructure,2002,165
Indonesia,Papua Barat,Shifting cultivation,2002,2141
Indonesia,Papua Barat,Wildfire,2002,2483
Indonesia,Papua Barat,Hard commodities,2003,10
Indonesia,Papua Barat,Logging,2003,3318
Indonesia,Papua Barat,Other natural disturbances,2003,460
Indonesia,Papua Barat,Permanent agriculture,2003,1322
Indonesia,Papua Barat,Settlements & Infrastructure,2003,35
Indonesia,Papua Barat,Shifting cultivation,2003,709
Indonesia,Papua Barat,Wildfire,2003,1300
Indonesia,Papua Barat,Hard commodities,2004,65
Indonesia,Papua Barat,Logging,2004,7050
Indonesia,Papua Barat,Other natural disturbances,2004,631
Indonesia,Papua Barat,Permanent agriculture,2004,2280
Indonesia,Papua Barat,Settlements & Infrastructure,2004,160
Indonesia,Papua Barat,Shifting cultivation,2004,1549
Indonesia,Papua Barat,Wildfire,2004,281
Indonesia,Papua Barat,Hard commodities,2005,28
Indonesia,Papua Barat,Logging,2005,3326
Indonesia,Papua Barat,Other natural disturbances,2005,249
Indonesia,Papua Barat,Permanent agriculture,2005,2055
Indonesia,Papua Barat,Settlements & Infrastructure,2005,201
Indonesia,Papua Barat,Shifting cultivation,2005,978
Indonesia,Papua Barat,Wildfire,2005,101
Indonesia,Papua Barat,Hard commodities,2006,76
Indonesia,Papua Barat,Logging,2006,3874
Indonesia,Papua Barat,Other natural disturbances,2006,672
Indonesia,Papua Barat,Permanent agriculture,2006,3499
Indonesia,Papua Barat,Settlements & Infrastructure,2006,627
Indonesia,Papua Barat,Shifting cultivation,2006,1922
Indonesia,Papua Barat,Wildfire,2006,171
Indonesia,Papua Barat,Hard commodities,2007,50
Indonesia,Papua Barat,Logging,2007,2283
Indonesia,Papua Barat,Other natural disturbances,2007,244
Indonesia,Papua Barat,Permanent agriculture,2007,3019
Indonesia,Papua Barat,Settlements & Infrastructure,2007,139
Indonesia,Papua Barat,Shifting cultivation,2007,705
Indonesia,Papua Barat,Wildfire,2007,100
Indonesia,Papua Barat,Hard commodities,2008,47
Indonesia,Papua Barat,Logging,2008,2229
Indonesia,Papua Barat,Other natural disturbances,2008,386
Indonesia,Papua Barat,Permanent agriculture,2008,3755
Indonesia,Papua Barat,Settlements & Infrastructure,2008,282
Indonesia,Papua Barat,Shifting cultivation,2008,977
Indonesia,Papua Barat,Wildfire,2008,59
Indonesia,Papua Barat,Hard commodities,2009,125
Indonesia,Papua Barat,Logging,2009,4416
Indonesia,Papua Barat,Other natural disturbances,2009,2492
Indonesia,Papua Barat,Permanent agriculture,2009,4798
Indonesia,Papua Barat,Settlements & Infrastructure,2009,557
Indonesia,Papua Barat,Shifting cultivation,2009,1415
Indonesia,Papua Barat,Wildfire,2009,236
Indonesia,Papua Barat,Hard commodities,2010,45
Indonesia,Papua Barat,Logging,2010,3547
Indonesia,Papua Barat,Other natural disturbances,2010,861
Indonesia,Papua Barat,Permanent agriculture,2010,5332
Indonesia,Papua Barat,Settlements & Infrastructure,2010,325
Indonesia,Papua Barat,Shifting cultivation,2010,1234
Indonesia,Papua Barat,Wildfire,2010,92
Indonesia,Papua Barat,Hard commodities,2011,49
Indonesia,Papua Barat,Logging,2011,2478
Indonesia,Papua Barat,Other natural disturbances,2011,778
Indonesia,Papua Barat,Permanent agriculture,2011,6864
Indonesia,Papua Barat,Settlements & Infrastructure,2011,182
Indonesia,Papua Barat,Shifting cultivation,2011,775
Indonesia,Papua Barat,Wildfire,2011,186
Indonesia,Papua Barat,Hard commodities,2012,40
Indonesia,Papua Barat,Logging,2012,4528
Indonesia,Papua Barat,Other natural disturbances,2012,1136
Indonesia,Papua Barat,Permanent agriculture,2012,5447
Indonesia,Papua Barat,Settlements & Infrastructure,2012,296
Indonesia,Papua Barat,Shifting cultivation,2012,1208
Indonesia,Papua Barat,Wildfire,2012,192
Indonesia,Papua Barat,Hard commodities,2013,22
Indonesia,Papua Barat,Logging,2013,2063
Indonesia,Papua Barat,Other natural disturbances,2013,446
Indonesia,Papua Barat,Permanent agriculture,2013,4181
Indonesia,Papua Barat,Settlements & Infrastructure,2013,95
Indonesia,Papua Barat,Shifting cultivation,2013,827
Indonesia,Papua Barat,Wildfire,2013,129
Indonesia,Papua Barat,Hard commodities,2014,42
Indonesia,Papua Barat,Logging,2014,6811
Indonesia,Papua Barat,Other natural disturbances,2014,1207
Indonesia,Papua Barat,Permanent agriculture,2014,6807
Indonesia,Papua Barat,Settlements & Infrastructure,2014,284
Indonesia,Papua Barat,Shifting cultivation,2014,2156
Indonesia,Papua Barat,Wildfire,2014,352
Indonesia,Papua Barat,Hard commodities,2015,74
Indonesia,Papua Barat,Logging,2015,15292
Indonesia,Papua Barat,Other natural disturbances,2015,1709
Indonesia,Papua Barat,Permanent agriculture,2015,12871
Indonesia,Papua Barat,Settlements & Infrastructure,2015,388
Indonesia,Papua Barat,Shifting cultivation,2015,3345
Indonesia,Papua Barat,Wildfire,2015,8569
Indonesia,Papua Barat,Hard commodities,2016,128
Indonesia,Papua Barat,Logging,2016,8330
Indonesia,Papua Barat,Other natural disturbances,2016,1640
Indonesia,Papua Barat,Permanent agriculture,2016,7752
Indonesia,Papua Barat,Settlements & Infrastructure,2016,224
Indonesia,Papua Barat,Shifting cultivation,2016,2158
Indonesia,Papua Barat,Wildfire,2016,6405
Indonesia,Papua Barat,Hard commodities,2017,105
Indonesia,Papua Barat,Logging,2017,4330
Indonesia,Papua Barat,Other natural disturbances,2017,603
Indonesia,Papua Barat,Permanent agriculture,2017,8019
Indonesia,Papua Barat,Settlements & Infrastructure,2017,355
Indonesia,Papua Barat,Shifting cultivation,2017,2014
Indonesia,Papua Barat,Wildfire,2017,272
Indonesia,Papua Barat,Hard commodities,2018,98
Indonesia,Papua Barat,Logging,2018,8050
Indonesia,Papua Barat,Other natural disturbances,2018,678
Indonesia,Papua Barat,Permanent agriculture,2018,8698
Indonesia,Papua Barat,Settlements & Infrastructure,2018,329
Indonesia,Papua Barat,Shifting cultivation,2018,2384
Indonesia,Papua Barat,Wildfire,2018,187
Indonesia,Papua Barat,Hard commodities,2019,235
Indonesia,Papua Barat,Logging,2019,8287
Indonesia,Papua Barat,Other natural disturbances,2019,690
Indonesia,Papua Barat,Permanent agriculture,2019,4665
Indonesia,Papua Barat,Settlements & Infrastructure,2019,263
Indonesia,Papua Barat,Shifting cultivation,2019,2017
Indonesia,Papua Barat,Wildfire,2019,319
Indonesia,Papua Barat,Hard commodities,2020,181
Indonesia,Papua Barat,Logging,2020,6109
Indonesia,Papua Barat,Other natural disturbances,2020,847
Indonesia,Papua Barat,Permanent agriculture,2020,5765
Indonesia,Papua Barat,Settlements & Infrastructure,2020,168
Indonesia,Papua Barat,Shifting cultivation,2020,2230
Indonesia,Papua Barat,Wildfire,2020,919
Indonesia,Papua Barat,Hard commodities,2021,238
Indonesia,Papua Barat,Logging,2021,5739
Indonesia,Papua Barat,Other natural disturbances,2021,812
Indonesia,Papua Barat,Permanent agriculture,2021,3268
Indonesia,Papua Barat,Settlements & Infrastructure,2021,72
Indonesia,Papua Barat,Shifting cultivation,2021,1458
Indonesia,Papua Barat,Wildfire,2021,511
Indonesia,Papua Barat,Hard commodities,2022,332
Indonesia,Papua Barat,Logging,2022,5188
Indonesia,Papua Barat,Other natural disturbances,2022,1086
Indonesia,Papua Barat,Permanent agriculture,2022,4489
Indonesia,Papua Barat,Settlements & Infrastructure,2022,83
Indonesia,Papua Barat,Shifting cultivation,2022,1706
Indonesia,Papua Barat,Wildfire,2022,748
Indonesia,Papua Barat,Hard commodities,2023,239
Indonesia,Papua Barat,Logging,2023,7496
Indonesia,Papua Barat,Other natural disturbances,2023,1117
Indonesia,Papua Barat,Permanent agriculture,2023,4859
Indonesia,Papua Barat,Settlements & Infrastructure,2023,132
Indonesia,Papua Barat,Shifting cultivation,2023,2100
Indonesia,Papua Barat,Wildfire,2023,584
Indonesia,Papua Barat,Hard commodities,2024,277
Indonesia,Papua Barat,Logging,2024,6697
Indonesia,Papua Barat,Other natural disturbances,2024,438
Indonesia,Papua Barat,Permanent agriculture,2024,2927
Indonesia,Papua Barat,Settlements & Infrastructure,2024,87
Indonesia,Papua Barat,Shifting cultivation,2024,1524
Indonesia,Papua Barat,Wildfire,2024,167
Indonesia,Papua Barat,Hard commodities,2025,133
Indonesia,Papua Barat,Logging,2025,9986
Indonesia,Papua Barat,Other natural disturbances,2025,383
Indonesia,Papua Barat,Permanent agriculture,2025,3035
Indonesia,Papua Barat,Settlements & Infrastructure,2025,87
Indonesia,Papua Barat,Shifting cultivation,2025,1531
Indonesia,Papua Barat,Wildfire,2025,114
Indonesia,Riau,Hard commodities,2001,95
Indonesia,Riau,Logging,2001,40532
Indonesia,Riau,Other natural disturbances,2001,153
Indonesia,Riau,Permanent agriculture,2001,111975
Indonesia,Riau,Settlements & Infrastructure,2001,278
Indonesia,Riau,Shifting cultivation,2001,504
Indonesia,Riau,Wildfire,2001,2932
Indonesia,Riau,Hard commodities,2002,83
Indonesia,Riau,Logging,2002,40242
Indonesia,Riau,Other natural disturbances,2002,226
Indonesia,Riau,Permanent agriculture,2002,108229
Indonesia,Riau,Settlements & Infrastructure,2002,403
Indonesia,Riau,Shifting cultivation,2002,501
Indonesia,Riau,Wildfire,2002,4845
Indonesia,Riau,Hard commodities,2003,47
Indonesia,Riau,Logging,2003,11498
Indonesia,Riau,Other natural disturbances,2003,64
Indonesia,Riau,Permanent agriculture,2003,43966
Indonesia,Riau,Settlements & Infrastructure,2003,139
Indonesia,Riau,Shifting cultivation,2003,125
Indonesia,Riau,Wildfire,2003,1350
Indonesia,Riau,Hard commodities,2004,296
Indonesia,Riau,Logging,2004,82974
Indonesia,Riau,Other natural disturbances,2004,237
Indonesia,Riau,Permanent agriculture,2004,180627
Indonesia,Riau,Settlements & Infrastructure,2004,471
Indonesia,Riau,Shifting cultivation,2004,431
Indonesia,Riau,Wildfire,2004,5502
Indonesia,Riau,Hard commodities,2005,258
Indonesia,Riau,Logging,2005,68679
Indonesia,Riau,Other natural disturbances,2005,446
Indonesia,Riau,Permanent agriculture,2005,262813
Indonesia,Riau,Settlements & Infrastructure,2005,601
Indonesia,Riau,Shifting cultivation,2005,673
Indonesia,Riau,Wildfire,2005,21898
Indonesia,Riau,Hard commodities,2006,196
Indonesia,Riau,Logging,2006,32117
Indonesia,Riau,Other natural disturbances,2006,106
Indonesia,Riau,Permanent agriculture,2006,165373
Indonesia,Riau,Settlements & Infrastructure,2006,325
Indonesia,Riau,Shifting cultivation,2006,523
Indonesia,Riau,Wildfire,2006,3431
Indonesia,Riau,Hard commodities,2007,135
Indonesia,Riau,Logging,2007,64214
Indonesia,Riau,Other natural disturbances,2007,105
Indonesia,Riau,Permanent agriculture,2007,143424
Indonesia,Riau,Settlements & Infrastructure,2007,441
Indonesia,Riau,Shifting cultivation,2007,497
Indonesia,Riau,Wildfire,2007,3154
Indonesia,Riau,Hard commodities,2008,165
Indonesia,Riau,Logging,2008,43361
Indonesia,Riau,Other natural disturbances,2008,76
Indonesia,Riau,Permanent agriculture,2008,157172
Indonesia,Riau,Settlements & Infrastructure,2008,371
Indonesia,Riau,Shifting cultivation,2008,516
Indonesia,Riau,Wildfire,2008,2840
Indonesia,Riau,Hard commodities,2009,204
Indonesia,Riau,Logging,2009,41248
Indonesia,Riau,Other natural disturbances,2009,115
Indonesia,Riau,Permanent agriculture,2009,200411
Indonesia,Riau,Settlements & Infrastructure,2009,680
Indonesia,Riau,Shifting cultivation,2009,571
Indonesia,Riau,Wildfire,2009,4644
Indonesia,Riau,Hard commodities,2010,216
Indonesia,Riau,Logging,2010,102259
Indonesia,Riau,Other natural disturbances,2010,152
Indonesia,Riau,Permanent agriculture,2010,231226
Indonesia,Riau,Settlements & Infrastructure,2010,649
Indonesia,Riau,Shifting cultivation,2010,451
Indonesia,Riau,Wildfire,2010,6942
Indonesia,Riau,Hard commodities,2011,153
Indonesia,Riau,Logging,2011,98840
Indonesia,Riau,Other natural disturbances,2011,157
Indonesia,Riau,Permanent agriculture,2011,148853
Indonesia,Riau,Settlements & Infrastructure,2011,430
Indonesia,Riau,Shifting cultivation,2011,377
Indonesia,Riau,Wildfire,2011,6469
Indonesia,Riau,Hard commodities,2012,358
Indonesia,Riau,Logging,2012,78623
Indonesia,Riau,Other natural disturbances,2012,203
Indonesia,Riau,Permanent agriculture,2012,255165
Indonesia,Riau,Settlements & Infrastructure,2012,530
Indonesia,Riau,Shifting cultivation,2012,1116
Indonesia,Riau,Wildfire,2012,10585
Indonesia,Riau,Hard commodities,2013,209
Indonesia,Riau,Logging,2013,29650
Indonesia,Riau,Other natural disturbances,2013,176
Indonesia,Riau,Permanent agriculture,2013,117124
Indonesia,Riau,Settlements & Infrastructure,2013,307
Indonesia,Riau,Shifting cultivation,2013,558
Indonesia,Riau,Wildfire,2013,8302
Indonesia,Riau,Hard commodities,2014,179
Indonesia,Riau,Logging,2014,37682
Indonesia,Riau,Other natural disturbances,2014,1297
Indonesia,Riau,Permanent agriculture,2014,178037
Indonesia,Riau,Settlements & Infrastructure,2014,713
Indonesia,Riau,Shifting cultivation,2014,715
Indonesia,Riau,Wildfire,2014,64046
Indonesia,Riau,Hard commodities,2015,169
Indonesia,Riau,Logging,2015,13976
Indonesia,Riau,Other natural disturbances,2015,308
Indonesia,Riau,Permanent agriculture,2015,68291
Indonesia,Riau,Settlements & Infrastructure,2015,319
Indonesia,Riau,Shifting cultivation,2015,781
Indonesia,Riau,Wildfire,2015,6854
Indonesia,Riau,Hard commodities,2016,171
Indonesia,Riau,Logging,2016,16607
Indonesia,Riau,Other natural disturbances,2016,626
Indonesia,Riau,Permanent agriculture,2016,116985
Indonesia,Riau,Settlements & Infrastructure,2016,571
Indonesia,Riau,Shifting cultivation,2016,1101
Indonesia,Riau,Wildfire,2016,10925
Indonesia,Riau,Hard commodities,2017,141
Indonesia,Riau,Logging,2017,10057
Indonesia,Riau,Other natural disturbances,2017,521
Indonesia,Riau,Permanent agriculture,2017,107087
Indonesia,Riau,Settlements & Infrastructure,2017,833
Indonesia,Riau,Shifting cultivation,2017,990
Indonesia,Riau,Wildfire,2017,3965
Indonesia,Riau,Hard commodities,2018,155
Indonesia,Riau,Logging,2018,7456
Indonesia,Riau,Other natural disturbances,2018,321
Indonesia,Riau,Permanent agriculture,2018,89149
Indonesia,Riau,Settlements & Infrastructure,2018,444
Indonesia,Riau,Shifting cultivation,2018,558
Indonesia,Riau,Wildfire,2018,2995
Indonesia,Riau,Hard commodities,2019,373
Indonesia,Riau,Logging,2019,6450
Indonesia,Riau,Other natural disturbances,2019,500
Indonesia,Riau,Permanent agriculture,2019,87786
Indonesia,Riau,Settlements & Infrastructure,2019,345
Indonesia,Riau,Shifting cultivation,2019,310
Indonesia,Riau,Wildfire,2019,7036
Indonesia,Riau,Hard commodities,2020,115
Indonesia,Riau,Logging,2020,6383
Indonesia,Riau,Other natural disturbances,2020,305
Indonesia,Riau,Permanent agriculture,2020,80824
Indonesia,Riau,Settlements & Infrastructure,2020,331
Indonesia,Riau,Shifting cultivation,2020,393
Indonesia,Riau,Wildfire,2020,6229
Indonesia,Riau,Hard commodities,2021,171
Indonesia,Riau,Logging,2021,7346
Indonesia,Riau,Other natural disturbances,2021,336
Indonesia,Riau,Permanent agriculture,2021,83928
Indonesia,Riau,Settlements & Infrastructure,2021,303
Indonesia,Riau,Shifting cultivation,2021,501
Indonesia,Riau,Wildfire,2021,3061
Indonesia,Riau,Hard commodities,2022,166
Indonesia,Riau,Logging,2022,8243
Indonesia,Riau,Other natural disturbances,2022,308
Indonesia,Riau,Permanent agriculture,2022,74582
Indonesia,Riau,Settlements & Infrastructure,2022,194
Indonesia,Riau,Shifting cultivation,2022,1145
Indonesia,Riau,Wildfire,2022,2216
Indonesia,Riau,Hard commodities,2023,197
Indonesia,Riau,Logging,2023,12744
Indonesia,Riau,Other natural disturbances,2023,241
Indonesia,Riau,Permanent agriculture,2023,98198
Indonesia,Riau,Settlements & Infrastructure,2023,282
Indonesia,Riau,Shifting cultivation,2023,989
Indonesia,Riau,Wildfire,2023,2615
Indonesia,Riau,Hard commodities,2024,242
Indonesia,Riau,Logging,2024,12102
Indonesia,Riau,Other natural disturbances,2024,270
Indonesia,Riau,Permanent agriculture,2024,83685
Indonesia,Riau,Settlements & Infrastructure,2024,220
Indonesia,Riau,Shifting cultivation,2024,704
Indonesia,Riau,Wildfire,2024,3439
Indonesia,Riau,Hard commodities,2025,186
Indonesia,Riau,Logging,2025,13746
Indonesia,Riau,Other natural disturbances,2025,341
Indonesia,Riau,Permanent agriculture,2025,76833
Indonesia,Riau,Settlements & Infrastructure,2025,291
Indonesia,Riau,Shifting cultivation,2025,1054
Indonesia,Riau,Wildfire,2025,3713
Indonesia,Sulawesi Barat,Logging,2001,268
Indonesia,Sulawesi Barat,Other natural disturbances,2001,138
Indonesia,Sulawesi Barat,Permanent agriculture,2001,11882
Indonesia,Sulawesi Barat,Settlements & Infrastructure,2001,73
Indonesia,Sulawesi Barat,Shifting cultivation,2001,4003
Indonesia,Sulawesi Barat,Wildfire,2001,19
Indonesia,Sulawesi Barat,Logging,2002,253
Indonesia,Sulawesi Barat,Other natural disturbances,2002,131
Indonesia,Sulawesi Barat,Permanent agriculture,2002,8078
Indonesia,Sulawesi Barat,Settlements & Infrastructure,2002,4
Indonesia,Sulawesi Barat,Shifting cultivation,2002,3335
Indonesia,Sulawesi Barat,Wildfire,2002,293
Indonesia,Sulawesi Barat,Logging,2003,196
Indonesia,Sulawesi Barat,Other natural disturbances,2003,36
Indonesia,Sulawesi Barat,Permanent agriculture,2003,4806
Indonesia,Sulawesi Barat,Settlements & Infrastructure,2003,2
Indonesia,Sulawesi Barat,Shifting cultivation,2003,1833
Indonesia,Sulawesi Barat,Wildfire,2003,5
Indonesia,Sulawesi Barat,Hard commodities,2004,0
Indonesia,Sulawesi Barat,Logging,2004,339
Indonesia,Sulawesi Barat,Other natural disturbances,2004,87
Indonesia,Sulawesi Barat,Permanent agriculture,2004,11353
Indonesia,Sulawesi Barat,Settlements & Infrastructure,2004,33
Indonesia,Sulawesi Barat,Shifting cultivation,2004,3881
Indonesia,Sulawesi Barat,Wildfire,2004,28
Indonesia,Sulawesi Barat,Hard commodities,2005,0
Indonesia,Sulawesi Barat,Logging,2005,261
Indonesia,Sulawesi Barat,Other natural disturbances,2005,43
Indonesia,Sulawesi Barat,Permanent agriculture,2005,6110
Indonesia,Sulawesi Barat,Settlements & Infrastructure,2005,16
Indonesia,Sulawesi Barat,Shifting cultivation,2005,2950
Indonesia,Sulawesi Barat,Wildfire,2005,7
Indonesia,Sulawesi Barat,Logging,2006,398
Indonesia,Sulawesi Barat,Other natural disturbances,2006,70
Indonesia,Sulawesi Barat,Permanent agriculture,2006,6301
Indonesia,Sulawesi Barat,Settlements & Infrastructure,2006,48
Indonesia,Sulawesi Barat,Shifting cultivation,2006,4635
Indonesia,Sulawesi Barat,Wildfire,2006,22
Indonesia,Sulawesi Barat,Logging,2007,187
Indonesia,Sulawesi Barat,Other natural disturbances,2007,46
Indonesia,Sulawesi Barat,Permanent agriculture,2007,2274
Indonesia,Sulawesi Barat,Settlements & Infrastructure,2007,19
Indonesia,Sulawesi Barat,Shifting cultivation,2007,1613
Indonesia,Sulawesi Barat,Wildfire,2007,3
Indonesia,Sulawesi Barat,Hard commodities,2008,4
Indonesia,Sulawesi Barat,Logging,2008,254
Indonesia,Sulawesi Barat,Other natural disturbances,2008,51
Indonesia,Sulawesi Barat,Permanent agriculture,2008,9509
Indonesia,Sulawesi Barat,Settlements & Infrastructure,2008,101
Indonesia,Sulawesi Barat,Shifting cultivation,2008,2607
Indonesia,Sulawesi Barat,Wildfire,2008,3
Indonesia,Sulawesi Barat,Logging,2009,278
Indonesia,Sulawesi Barat,Other natural disturbances,2009,49
Indonesia,Sulawesi Barat,Permanent agriculture,2009,8758
Indonesia,Sulawesi Barat,Settlements & Infrastructure,2009,108
Indonesia,Sulawesi Barat,Shifting cultivation,2009,2623
Indonesia,Sulawesi Barat,Wildfire,2009,27
Indonesia,Sulawesi Barat,Hard commodities,2010,0
Indonesia,Sulawesi Barat,Logging,2010,207
Indonesia,Sulawesi Barat,Other natural disturbances,2010,37
Indonesia,Sulawesi Barat,Permanent agriculture,2010,5377
Indonesia,Sulawesi Barat,Settlements & Infrastructure,2010,55
Indonesia,Sulawesi Barat,Shifting cultivation,2010,1502
Indonesia,Sulawesi Barat,Wildfire,2010,8
Indonesia,Sulawesi Barat,Logging,2011,317
Indonesia,Sulawesi Barat,Other natural disturbances,2011,42
Indonesia,Sulawesi Barat,Permanent agriculture,2011,10667
Indonesia,Sulawesi Barat,Settlements & Infrastructure,2011,81
Indonesia,Sulawesi Barat,Shifting cultivation,2011,2721
Indonesia,Sulawesi Barat,Wildfire,2011,11
Indonesia,Sulawesi Barat,Hard commodities,2012,0
Indonesia,Sulawesi Barat,Logging,2012,302
Indonesia,Sulawesi Barat,Other natural disturbances,2012,78
Indonesia,Sulawesi Barat,Permanent agriculture,2012,10397
Indonesia,Sulawesi Barat,Settlements & Infrastructure,2012,59
Indonesia,Sulawesi Barat,Shifting cultivation,2012,2657
Indonesia,Sulawesi Barat,Wildfire,2012,5
Indonesia,Sulawesi Barat,Logging,2013,344
Indonesia,Sulawesi Barat,Other natural disturbances,2013,74
Indonesia,Sulawesi Barat,Permanent agriculture,2013,4951
Indonesia,Sulawesi Barat,Settlements & Infrastructure,2013,17
Indonesia,Sulawesi Barat,Shifting cultivation,2013,2674
Indonesia,Sulawesi Barat,Wildfire,2013,2
Indonesia,Sulawesi Barat,Logging,2014,340
Indonesia,Sulawesi Barat,Other natural disturbances,2014,170
Indonesia,Sulawesi Barat,Permanent agriculture,2014,9645
Indonesia,Sulawesi Barat,Settlements & Infrastructure,2014,47
Indonesia,Sulawesi Barat,Shifting cultivation,2014,3975
Indonesia,Sulawesi Barat,Wildfire,2014,13
Indonesia,Sulawesi Barat,Logging,2015,275
Indonesia,Sulawesi Barat,Other natural disturbances,2015,166
Indonesia,Sulawesi Barat,Permanent agriculture,2015,8417
Indonesia,Sulawesi Barat,Settlements & Infrastructure,2015,51
Indonesia,Sulawesi Barat,Shifting cultivation,2015,4953
Indonesia,Sulawesi Barat,Wildfire,2015,175
Indonesia,Sulawesi Barat,Logging,2016,284
Indonesia,Sulawesi Barat,Other natural disturbances,2016,319
Indonesia,Sulawesi Barat,Permanent agriculture,2016,7576
Indonesia,Sulawesi Barat,Settlements & Infrastructure,2016,84
Indonesia,Sulawesi Barat,Shifting cultivation,2016,4908
Indonesia,Sulawesi Barat,Wildfire,2016,485
Indonesia,Sulawesi Barat,Hard commodities,2017,1
Indonesia,Sulawesi Barat,Logging,2017,307
Indonesia,Sulawesi Barat,Other natural disturbances,2017,173
Indonesia,Sulawesi Barat,Permanent agriculture,2017,6968
Indonesia,Sulawesi Barat,Settlements & Infrastructure,2017,51
Indonesia,Sulawesi Barat,Shifting cultivation,2017,4982
Indonesia,Sulawesi Barat,Wildfire,2017,44
Indonesia,Sulawesi Barat,Hard commodities,2018,2
Indonesia,Sulawesi Barat,Logging,2018,227
Indonesia,Sulawesi Barat,Other natural disturbances,2018,88
Indonesia,Sulawesi Barat,Permanent agriculture,2018,8162
Indonesia,Sulawesi Barat,Settlements & Infrastructure,2018,51
Indonesia,Sulawesi Barat,Shifting cultivation,2018,4421
Indonesia,Sulawesi Barat,Wildfire,2018,10
Indonesia,Sulawesi Barat,Hard commodities,2019,0
Indonesia,Sulawesi Barat,Logging,2019,147
Indonesia,Sulawesi Barat,Other natural disturbances,2019,394
Indonesia,Sulawesi Barat,Permanent agriculture,2019,8430
Indonesia,Sulawesi Barat,Settlements & Infrastructure,2019,69
Indonesia,Sulawesi Barat,Shifting cultivation,2019,3956
Indonesia,Sulawesi Barat,Wildfire,2019,14
Indonesia,Sulawesi Barat,Logging,2020,125
Indonesia,Sulawesi Barat,Other natural disturbances,2020,125
Indonesia,Sulawesi Barat,Permanent agriculture,2020,5119
Indonesia,Sulawesi Barat,Settlements & Infrastructure,2020,24
Indonesia,Sulawesi Barat,Shifting cultivation,2020,3099
Indonesia,Sulawesi Barat,Wildfire,2020,15
Indonesia,Sulawesi Barat,Hard commodities,2021,1
Indonesia,Sulawesi Barat,Logging,2021,375
Indonesia,Sulawesi Barat,Other natural disturbances,2021,715
Indonesia,Sulawesi Barat,Permanent agriculture,2021,5807
Indonesia,Sulawesi Barat,Settlements & Infrastructure,2021,28
Indonesia,Sulawesi Barat,Shifting cultivation,2021,2891
Indonesia,Sulawesi Barat,Wildfire,2021,5
Indonesia,Sulawesi Barat,Logging,2022,262
Indonesia,Sulawesi Barat,Other natural disturbances,2022,287
Indonesia,Sulawesi Barat,Permanent agriculture,2022,5627
Indonesia,Sulawesi Barat,Settlements & Infrastructure,2022,32
Indonesia,Sulawesi Barat,Shifting cultivation,2022,3810
Indonesia,Sulawesi Barat,Wildfire,2022,3
Indonesia,Sulawesi Barat,Logging,2023,461
Indonesia,Sulawesi Barat,Other natural disturbances,2023,147
Indonesia,Sulawesi Barat,Permanent agriculture,2023,8903
Indonesia,Sulawesi Barat,Settlements & Infrastructure,2023,73
Indonesia,Sulawesi Barat,Shifting cultivation,2023,5091
Indonesia,Sulawesi Barat,Wildfire,2023,10
Indonesia,Sulawesi Barat,Hard commodities,2024,0
Indonesia,Sulawesi Barat,Logging,2024,572
Indonesia,Sulawesi Barat,Other natural disturbances,2024,95
Indonesia,Sulawesi Barat,Permanent agriculture,2024,3875
Indonesia,Sulawesi Barat,Settlements & Infrastructure,2024,36
Indonesia,Sulawesi Barat,Shifting cultivation,2024,3870
Indonesia,Sulawesi Barat,Wildfire,2024,3
Indonesia,Sulawesi Barat,Hard commodities,2025,0
Indonesia,Sulawesi Barat,Logging,2025,966
Indonesia,Sulawesi Barat,Other natural disturbances,2025,137
Indonesia,Sulawesi Barat,Permanent agriculture,2025,5280
Indonesia,Sulawesi Barat,Settlements & Infrastructure,2025,38
Indonesia,Sulawesi Barat,Shifting cultivation,2025,4815
Indonesia,Sulawesi Barat,Wildfire,2025,7
Indonesia,Sulawesi Selatan,Hard commodities,2001,52
Indonesia,Sulawesi Selatan,Logging,2001,130
Indonesia,Sulawesi Selatan,Other natural disturbances,2001,183
Indonesia,Sulawesi Selatan,Permanent agriculture,2001,6315
Indonesia,Sulawesi Selatan,Settlements & Infrastructure,2001,51
Indonesia,Sulawesi Selatan,Shifting cultivation,2001,1540
Indonesia,Sulawesi Selatan,Wildfire,2001,153
Indonesia,Sulawesi Selatan,Hard commodities,2002,160
Indonesia,Sulawesi Selatan,Logging,2002,336
Indonesia,Sulawesi Selatan,Other natural disturbances,2002,446
Indonesia,Sulawesi Selatan,Permanent agriculture,2002,7922
Indonesia,Sulawesi Selatan,Settlements & Infrastructure,2002,32
Indonesia,Sulawesi Selatan,Shifting cultivation,2002,2835
Indonesia,Sulawesi Selatan,Wildfire,2002,937
Indonesia,Sulawesi Selatan,Hard commodities,2003,64
Indonesia,Sulawesi Selatan,Logging,2003,162
Indonesia,Sulawesi Selatan,Other natural disturbances,2003,205
Indonesia,Sulawesi Selatan,Permanent agriculture,2003,3972
Indonesia,Sulawesi Selatan,Settlements & Infrastructure,2003,13
Indonesia,Sulawesi Selatan,Shifting cultivation,2003,1324
Indonesia,Sulawesi Selatan,Wildfire,2003,223
Indonesia,Sulawesi Selatan,Hard commodities,2004,581
Indonesia,Sulawesi Selatan,Logging,2004,441
Indonesia,Sulawesi Selatan,Other natural disturbances,2004,596
Indonesia,Sulawesi Selatan,Permanent agriculture,2004,12227
Indonesia,Sulawesi Selatan,Settlements & Infrastructure,2004,111
Indonesia,Sulawesi Selatan,Shifting cultivation,2004,3428
Indonesia,Sulawesi Selatan,Wildfire,2004,367
Indonesia,Sulawesi Selatan,Hard commodities,2005,155
Indonesia,Sulawesi Selatan,Logging,2005,331
Indonesia,Sulawesi Selatan,Other natural disturbances,2005,273
Indonesia,Sulawesi Selatan,Permanent agriculture,2005,5587
Indonesia,Sulawesi Selatan,Settlements & Infrastructure,2005,49
Indonesia,Sulawesi Selatan,Shifting cultivation,2005,1886
Indonesia,Sulawesi Selatan,Wildfire,2005,251
Indonesia,Sulawesi Selatan,Hard commodities,2006,276
Indonesia,Sulawesi Selatan,Logging,2006,273
Indonesia,Sulawesi Selatan,Other natural disturbances,2006,260
Indonesia,Sulawesi Selatan,Permanent agriculture,2006,9914
Indonesia,Sulawesi Selatan,Settlements & Infrastructure,2006,55
Indonesia,Sulawesi Selatan,Shifting cultivation,2006,2891
Indonesia,Sulawesi Selatan,Wildfire,2006,166
Indonesia,Sulawesi Selatan,Hard commodities,2007,153
Indonesia,Sulawesi Selatan,Logging,2007,304
Indonesia,Sulawesi Selatan,Other natural disturbances,2007,499
Indonesia,Sulawesi Selatan,Permanent agriculture,2007,6925
Indonesia,Sulawesi Selatan,Settlements & Infrastructure,2007,46
Indonesia,Sulawesi Selatan,Shifting cultivation,2007,1505
Indonesia,Sulawesi Selatan,Wildfire,2007,56
Indonesia,Sulawesi Selatan,Hard commodities,2008,56
Indonesia,Sulawesi Selatan,Logging,2008,106
Indonesia,Sulawesi Selatan,Other natural disturbances,2008,54
Indonesia,Sulawesi Selatan,Permanent agriculture,2008,7013
Indonesia,Sulawesi Selatan,Settlements & Infrastructure,2008,49
Indonesia,Sulawesi Selatan,Shifting cultivation,2008,767
Indonesia,Sulawesi Selatan,Wildfire,2008,40
Indonesia,Sulawesi Selatan,Hard commodities,2009,254
Indonesia,Sulawesi Selatan,Logging,2009,137
Indonesia,Sulawesi Selatan,Other natural disturbances,2009,236
Indonesia,Sulawesi Selatan,Permanent agriculture,2009,20067
Indonesia,Sulawesi Selatan,Settlements & Infrastructure,2009,196
Indonesia,Sulawesi Selatan,Shifting cultivation,2009,2220
Indonesia,Sulawesi Selatan,Wildfire,2009,202
Indonesia,Sulawesi Selatan,Hard commodities,2010,103
Indonesia,Sulawesi Selatan,Logging,2010,46
Indonesia,Sulawesi Selatan,Other natural disturbances,2010,149
Indonesia,Sulawesi Selatan,Permanent agriculture,2010,7297
Indonesia,Sulawesi Selatan,Settlements & Infrastructure,2010,55
Indonesia,Sulawesi Selatan,Shifting cultivation,2010,616
Indonesia,Sulawesi Selatan,Wildfire,2010,85
Indonesia,Sulawesi Selatan,Hard commodities,2011,148
Indonesia,Sulawesi Selatan,Logging,2011,89
Indonesia,Sulawesi Selatan,Other natural disturbances,2011,120
Indonesia,Sulawesi Selatan,Permanent agriculture,2011,12745
Indonesia,Sulawesi Selatan,Settlements & Infrastructure,2011,101
Indonesia,Sulawesi Selatan,Shifting cultivation,2011,1034
Indonesia,Sulawesi Selatan,Wildfire,2011,87
Indonesia,Sulawesi Selatan,Hard commodities,2012,218
Indonesia,Sulawesi Selatan,Logging,2012,132
Indonesia,Sulawesi Selatan,Other natural disturbances,2012,128
Indonesia,Sulawesi Selatan,Permanent agriculture,2012,14134
Indonesia,Sulawesi Selatan,Settlements & Infrastructure,2012,92
Indonesia,Sulawesi Selatan,Shifting cultivation,2012,1057
Indonesia,Sulawesi Selatan,Wildfire,2012,285
Indonesia,Sulawesi Selatan,Hard commodities,2013,226
Indonesia,Sulawesi Selatan,Logging,2013,87
Indonesia,Sulawesi Selatan,Other natural disturbances,2013,73
Indonesia,Sulawesi Selatan,Permanent agriculture,2013,7477
Indonesia,Sulawesi Selatan,Settlements & Infrastructure,2013,37
Indonesia,Sulawesi Selatan,Shifting cultivation,2013,908
Indonesia,Sulawesi Selatan,Wildfire,2013,174
Indonesia,Sulawesi Selatan,Hard commodities,2014,308
Indonesia,Sulawesi Selatan,Logging,2014,255
Indonesia,Sulawesi Selatan,Other natural disturbances,2014,202
Indonesia,Sulawesi Selatan,Permanent agriculture,2014,17631
Indonesia,Sulawesi Selatan,Settlements & Infrastructure,2014,68
Indonesia,Sulawesi Selatan,Shifting cultivation,2014,2189
Indonesia,Sulawesi Selatan,Wildfire,2014,788
Indonesia,Sulawesi Selatan,Hard commodities,2015,425
Indonesia,Sulawesi Selatan,Logging,2015,560
Indonesia,Sulawesi Selatan,Other natural disturbances,2015,502
Indonesia,Sulawesi Selatan,Permanent agriculture,2015,19471
Indonesia,Sulawesi Selatan,Settlements & Infrastructure,2015,75
Indonesia,Sulawesi Selatan,Shifting cultivation,2015,3163
Indonesia,Sulawesi Selatan,Wildfire,2015,3834
Indonesia,Sulawesi Selatan,Hard commodities,2016,460
Indonesia,Sulawesi Selatan,Logging,2016,964
Indonesia,Sulawesi Selatan,Other natural disturbances,2016,1047
Indonesia,Sulawesi Selatan,Permanent agriculture,2016,18854
Indonesia,Sulawesi Selatan,Settlements & Infrastructure,2016,82
Indonesia,Sulawesi Selatan,Shifting cultivation,2016,4104
Indonesia,Sulawesi Selatan,Wildfire,2016,5276
Indonesia,Sulawesi Selatan,Hard commodities,2017,485
Indonesia,Sulawesi Selatan,Logging,2017,645
Indonesia,Sulawesi Selatan,Other natural disturbances,2017,703
Indonesia,Sulawesi Selatan,Permanent agriculture,2017,17806
Indonesia,Sulawesi Selatan,Settlements & Infrastructure,2017,64
Indonesia,Sulawesi Selatan,Shifting cultivation,2017,3570
Indonesia,Sulawesi Selatan,Wildfire,2017,707
Indonesia,Sulawesi Selatan,Hard commodities,2018,355
Indonesia,Sulawesi Selatan,Logging,2018,463
Indonesia,Sulawesi Selatan,Other natural disturbances,2018,399
Indonesia,Sulawesi Selatan,Permanent agriculture,2018,15224
Indonesia,Sulawesi Selatan,Settlements & Infrastructure,2018,74
Indonesia,Sulawesi Selatan,Shifting cultivation,2018,2601
Indonesia,Sulawesi Selatan,Wildfire,2018,299
Indonesia,Sulawesi Selatan,Hard commodities,2019,197
Indonesia,Sulawesi Selatan,Logging,2019,401
Indonesia,Sulawesi Selatan,Other natural disturbances,2019,393
Indonesia,Sulawesi Selatan,Permanent agriculture,2019,19219
Indonesia,Sulawesi Selatan,Settlements & Infrastructure,2019,96
Indonesia,Sulawesi Selatan,Shifting cultivation,2019,2256
Indonesia,Sulawesi Selatan,Wildfire,2019,330
Indonesia,Sulawesi Selatan,Hard commodities,2020,131
Indonesia,Sulawesi Selatan,Logging,2020,343
Indonesia,Sulawesi Selatan,Other natural disturbances,2020,1019
Indonesia,Sulawesi Selatan,Permanent agriculture,2020,10414
Indonesia,Sulawesi Selatan,Settlements & Infrastructure,2020,60
Indonesia,Sulawesi Selatan,Shifting cultivation,2020,1778
Indonesia,Sulawesi Selatan,Wildfire,2020,499
Indonesia,Sulawesi Selatan,Hard commodities,2021,228
Indonesia,Sulawesi Selatan,Logging,2021,154
Indonesia,Sulawesi Selatan,Other natural disturbances,2021,556
Indonesia,Sulawesi Selatan,Permanent agriculture,2021,7572
Indonesia,Sulawesi Selatan,Settlements & Infrastructure,2021,39
Indonesia,Sulawesi Selatan,Shifting cultivation,2021,1512
Indonesia,Sulawesi Selatan,Wildfire,2021,142
Indonesia,Sulawesi Selatan,Hard commodities,2022,269
Indonesia,Sulawesi Selatan,Logging,2022,285
Indonesia,Sulawesi Selatan,Other natural disturbances,2022,357
Indonesia,Sulawesi Selatan,Permanent agriculture,2022,13108
Indonesia,Sulawesi Selatan,Settlements & Infrastructure,2022,40
Indonesia,Sulawesi Selatan,Shifting cultivation,2022,1650
Indonesia,Sulawesi Selatan,Wildfire,2022,216
Indonesia,Sulawesi Selatan,Hard commodities,2023,297
Indonesia,Sulawesi Selatan,Logging,2023,599
Indonesia,Sulawesi Selatan,Other natural disturbances,2023,230
Indonesia,Sulawesi Selatan,Permanent agriculture,2023,22861
Indonesia,Sulawesi Selatan,Settlements & Infrastructure,2023,134
Indonesia,Sulawesi Selatan,Shifting cultivation,2023,2528
Indonesia,Sulawesi Selatan,Wildfire,2023,282
Indonesia,Sulawesi Selatan,Hard commodities,2024,154
Indonesia,Sulawesi Selatan,Logging,2024,286
Indonesia,Sulawesi Selatan,Other natural disturbances,2024,351
Indonesia,Sulawesi Selatan,Permanent agriculture,2024,6998
Indonesia,Sulawesi Selatan,Settlements & Infrastructure,2024,43
Indonesia,Sulawesi Selatan,Shifting cultivation,2024,1493
Indonesia,Sulawesi Selatan,Wildfire,2024,257
Indonesia,Sulawesi Selatan,Hard commodities,2025,234
Indonesia,Sulawesi Selatan,Logging,2025,579
Indonesia,Sulawesi Selatan,Other natural disturbances,2025,419
Indonesia,Sulawesi Selatan,Permanent agriculture,2025,10524
Indonesia,Sulawesi Selatan,Settlements & Infrastructure,2025,38
Indonesia,Sulawesi Selatan,Shifting cultivation,2025,2496
Indonesia,Sulawesi Selatan,Wildfire,2025,274
Indonesia,Sulawesi Tengah,Hard commodities,2001,67
Indonesia,Sulawesi Tengah,Logging,2001,983
Indonesia,Sulawesi Tengah,Other natural disturbances,2001,174
Indonesia,Sulawesi Tengah,Permanent agriculture,2001,10245
Indonesia,Sulawesi Tengah,Settlements & Infrastructure,2001,42
Indonesia,Sulawesi Tengah,Shifting cultivation,2001,5837
Indonesia,Sulawesi Tengah,Wildfire,2001,155
Indonesia,Sulawesi Tengah,Hard commodities,2002,143
Indonesia,Sulawesi Tengah,Logging,2002,1658
Indonesia,Sulawesi Tengah,Other natural disturbances,2002,1144
Indonesia,Sulawesi Tengah,Permanent agriculture,2002,17320
Indonesia,Sulawesi Tengah,Settlements & Infrastructure,2002,66
Indonesia,Sulawesi Tengah,Shifting cultivation,2002,10310
Indonesia,Sulawesi Tengah,Wildfire,2002,2475
Indonesia,Sulawesi Tengah,Hard commodities,2003,49
Indonesia,Sulawesi Tengah,Logging,2003,1347
Indonesia,Sulawesi Tengah,Other natural disturbances,2003,1193
Indonesia,Sulawesi Tengah,Permanent agriculture,2003,8429
Indonesia,Sulawesi Tengah,Settlements & Infrastructure,2003,47
Indonesia,Sulawesi Tengah,Shifting cultivation,2003,6586
Indonesia,Sulawesi Tengah,Wildfire,2003,2446
Indonesia,Sulawesi Tengah,Hard commodities,2004,301
Indonesia,Sulawesi Tengah,Logging,2004,2332
Indonesia,Sulawesi Tengah,Other natural disturbances,2004,478
Indonesia,Sulawesi Tengah,Permanent agriculture,2004,22580
Indonesia,Sulawesi Tengah,Settlements & Infrastructure,2004,147
Indonesia,Sulawesi Tengah,Shifting cultivation,2004,13795
Indonesia,Sulawesi Tengah,Wildfire,2004,470
Indonesia,Sulawesi Tengah,Hard commodities,2005,156
Indonesia,Sulawesi Tengah,Logging,2005,1525
Indonesia,Sulawesi Tengah,Other natural disturbances,2005,283
Indonesia,Sulawesi Tengah,Permanent agriculture,2005,9035
Indonesia,Sulawesi Tengah,Settlements & Infrastructure,2005,50
Indonesia,Sulawesi Tengah,Shifting cultivation,2005,6611
Indonesia,Sulawesi Tengah,Wildfire,2005,371
Indonesia,Sulawesi Tengah,Hard commodities,2006,149
Indonesia,Sulawesi Tengah,Logging,2006,1979
Indonesia,Sulawesi Tengah,Other natural disturbances,2006,310
Indonesia,Sulawesi Tengah,Permanent agriculture,2006,17240
Indonesia,Sulawesi Tengah,Settlements & Infrastructure,2006,126
Indonesia,Sulawesi Tengah,Shifting cultivation,2006,9933
Indonesia,Sulawesi Tengah,Wildfire,2006,855
Indonesia,Sulawesi Tengah,Hard commodities,2007,117
Indonesia,Sulawesi Tengah,Logging,2007,1241
Indonesia,Sulawesi Tengah,Other natural disturbances,2007,347
Indonesia,Sulawesi Tengah,Permanent agriculture,2007,10657
Indonesia,Sulawesi Tengah,Settlements & Infrastructure,2007,81
Indonesia,Sulawesi Tengah,Shifting cultivation,2007,7494
Indonesia,Sulawesi Tengah,Wildfire,2007,357
Indonesia,Sulawesi Tengah,Hard commodities,2008,100
Indonesia,Sulawesi Tengah,Logging,2008,1092
Indonesia,Sulawesi Tengah,Other natural disturbances,2008,134
Indonesia,Sulawesi Tengah,Permanent agriculture,2008,10463
Indonesia,Sulawesi Tengah,Settlements & Infrastructure,2008,69
Indonesia,Sulawesi Tengah,Shifting cultivation,2008,4604
Indonesia,Sulawesi Tengah,Wildfire,2008,238
Indonesia,Sulawesi Tengah,Hard commodities,2009,441
Indonesia,Sulawesi Tengah,Logging,2009,2268
Indonesia,Sulawesi Tengah,Other natural disturbances,2009,509
Indonesia,Sulawesi Tengah,Permanent agriculture,2009,35523
Indonesia,Sulawesi Tengah,Settlements & Infrastructure,2009,322
Indonesia,Sulawesi Tengah,Shifting cultivation,2009,12091
Indonesia,Sulawesi Tengah,Wildfire,2009,1183
Indonesia,Sulawesi Tengah,Hard commodities,2010,357
Indonesia,Sulawesi Tengah,Logging,2010,1000
Indonesia,Sulawesi Tengah,Other natural disturbances,2010,197
Indonesia,Sulawesi Tengah,Permanent agriculture,2010,13975
Indonesia,Sulawesi Tengah,Settlements & Infrastructure,2010,69
Indonesia,Sulawesi Tengah,Shifting cultivation,2010,5991
Indonesia,Sulawesi Tengah,Wildfire,2010,331
Indonesia,Sulawesi Tengah,Hard commodities,2011,1125
Indonesia,Sulawesi Tengah,Logging,2011,1012
Indonesia,Sulawesi Tengah,Other natural disturbances,2011,275
Indonesia,Sulawesi Tengah,Permanent agriculture,2011,17292
Indonesia,Sulawesi Tengah,Settlements & Infrastructure,2011,214
Indonesia,Sulawesi Tengah,Shifting cultivation,2011,5940
Indonesia,Sulawesi Tengah,Wildfire,2011,267
Indonesia,Sulawesi Tengah,Hard commodities,2012,1727
Indonesia,Sulawesi Tengah,Logging,2012,3816
Indonesia,Sulawesi Tengah,Other natural disturbances,2012,559
Indonesia,Sulawesi Tengah,Permanent agriculture,2012,22925
Indonesia,Sulawesi Tengah,Settlements & Infrastructure,2012,233
Indonesia,Sulawesi Tengah,Shifting cultivation,2012,7148
Indonesia,Sulawesi Tengah,Wildfire,2012,583
Indonesia,Sulawesi Tengah,Hard commodities,2013,1152
Indonesia,Sulawesi Tengah,Logging,2013,2892
Indonesia,Sulawesi Tengah,Other natural disturbances,2013,350
Indonesia,Sulawesi Tengah,Permanent agriculture,2013,17490
Indonesia,Sulawesi Tengah,Settlements & Infrastructure,2013,103
Indonesia,Sulawesi Tengah,Shifting cultivation,2013,6154
Indonesia,Sulawesi Tengah,Wildfire,2013,305
Indonesia,Sulawesi Tengah,Hard commodities,2014,1073
Indonesia,Sulawesi Tengah,Logging,2014,2383
Indonesia,Sulawesi Tengah,Other natural disturbances,2014,649
Indonesia,Sulawesi Tengah,Permanent agriculture,2014,28282
Indonesia,Sulawesi Tengah,Settlements & Infrastructure,2014,206
Indonesia,Sulawesi Tengah,Shifting cultivation,2014,12388
Indonesia,Sulawesi Tengah,Wildfire,2014,1658
Indonesia,Sulawesi Tengah,Hard commodities,2015,1018
Indonesia,Sulawesi Tengah,Logging,2015,4563
Indonesia,Sulawesi Tengah,Other natural disturbances,2015,2271
Indonesia,Sulawesi Tengah,Permanent agriculture,2015,39900
Indonesia,Sulawesi Tengah,Settlements & Infrastructure,2015,192
Indonesia,Sulawesi Tengah,Shifting cultivation,2015,19324
Indonesia,Sulawesi Tengah,Wildfire,2015,24541
Indonesia,Sulawesi Tengah,Hard commodities,2016,1270
Indonesia,Sulawesi Tengah,Logging,2016,3053
Indonesia,Sulawesi Tengah,Other natural disturbances,2016,1856
Indonesia,Sulawesi Tengah,Permanent agriculture,2016,24622
Indonesia,Sulawesi Tengah,Settlements & Infrastructure,2016,168
Indonesia,Sulawesi Tengah,Shifting cultivation,2016,14502
Indonesia,Sulawesi Tengah,Wildfire,2016,28659
Indonesia,Sulawesi Tengah,Hard commodities,2017,653
Indonesia,Sulawesi Tengah,Logging,2017,2173
Indonesia,Sulawesi Tengah,Other natural disturbances,2017,814
Indonesia,Sulawesi Tengah,Permanent agriculture,2017,20457
Indonesia,Sulawesi Tengah,Settlements & Infrastructure,2017,140
Indonesia,Sulawesi Tengah,Shifting cultivation,2017,11895
Indonesia,Sulawesi Tengah,Wildfire,2017,676
Indonesia,Sulawesi Tengah,Hard commodities,2018,1271
Indonesia,Sulawesi Tengah,Logging,2018,2149
Indonesia,Sulawesi Tengah,Other natural disturbances,2018,1848
Indonesia,Sulawesi Tengah,Permanent agriculture,2018,20176
Indonesia,Sulawesi Tengah,Settlements & Infrastructure,2018,209
Indonesia,Sulawesi Tengah,Shifting cultivation,2018,11440
Indonesia,Sulawesi Tengah,Wildfire,2018,366
Indonesia,Sulawesi Tengah,Hard commodities,2019,1882
Indonesia,Sulawesi Tengah,Logging,2019,2082
Indonesia,Sulawesi Tengah,Other natural disturbances,2019,2854
Indonesia,Sulawesi Tengah,Permanent agriculture,2019,26376
Indonesia,Sulawesi Tengah,Settlements & Infrastructure,2019,241
Indonesia,Sulawesi Tengah,Shifting cultivation,2019,11296
Indonesia,Sulawesi Tengah,Wildfire,2019,678
Indonesia,Sulawesi Tengah,Hard commodities,2020,1254
Indonesia,Sulawesi Tengah,Logging,2020,1180
Indonesia,Sulawesi Tengah,Other natural disturbances,2020,654
Indonesia,Sulawesi Tengah,Permanent agriculture,2020,14977
Indonesia,Sulawesi Tengah,Settlements & Infrastructure,2020,103
Indonesia,Sulawesi Tengah,Shifting cultivation,2020,8185
Indonesia,Sulawesi Tengah,Wildfire,2020,361
Indonesia,Sulawesi Tengah,Hard commodities,2021,1792
Indonesia,Sulawesi Tengah,Logging,2021,744
Indonesia,Sulawesi Tengah,Other natural disturbances,2021,442
Indonesia,Sulawesi Tengah,Permanent agriculture,2021,11934
Indonesia,Sulawesi Tengah,Settlements & Infrastructure,2021,108
Indonesia,Sulawesi Tengah,Shifting cultivation,2021,7247
Indonesia,Sulawesi Tengah,Wildfire,2021,264
Indonesia,Sulawesi Tengah,Hard commodities,2022,1337
Indonesia,Sulawesi Tengah,Logging,2022,1503
Indonesia,Sulawesi Tengah,Other natural disturbances,2022,516
Indonesia,Sulawesi Tengah,Permanent agriculture,2022,12668
Indonesia,Sulawesi Tengah,Settlements & Infrastructure,2022,99
Indonesia,Sulawesi Tengah,Shifting cultivation,2022,8176
Indonesia,Sulawesi Tengah,Wildfire,2022,277
Indonesia,Sulawesi Tengah,Hard commodities,2023,1488
Indonesia,Sulawesi Tengah,Logging,2023,2598
Indonesia,Sulawesi Tengah,Other natural disturbances,2023,584
Indonesia,Sulawesi Tengah,Permanent agriculture,2023,24336
Indonesia,Sulawesi Tengah,Settlements & Infrastructure,2023,214
Indonesia,Sulawesi Tengah,Shifting cultivation,2023,13119
Indonesia,Sulawesi Tengah,Wildfire,2023,735
Indonesia,Sulawesi Tengah,Hard commodities,2024,994
Indonesia,Sulawesi Tengah,Logging,2024,2491
Indonesia,Sulawesi Tengah,Other natural disturbances,2024,729
Indonesia,Sulawesi Tengah,Permanent agriculture,2024,15279
Indonesia,Sulawesi Tengah,Settlements & Infrastructure,2024,73
Indonesia,Sulawesi Tengah,Shifting cultivation,2024,8812
Indonesia,Sulawesi Tengah,Wildfire,2024,346
Indonesia,Sulawesi Tengah,Hard commodities,2025,1640
Indonesia,Sulawesi Tengah,Logging,2025,3769
Indonesia,Sulawesi Tengah,Other natural disturbances,2025,718
Indonesia,Sulawesi Tengah,Permanent agriculture,2025,16860
Indonesia,Sulawesi Tengah,Settlements & Infrastructure,2025,78
Indonesia,Sulawesi Tengah,Shifting cultivation,2025,10576
Indonesia,Sulawesi Tengah,Wildfire,2025,642
Indonesia,Sulawesi Tenggara,Hard commodities,2001,144
Indonesia,Sulawesi Tenggara,Logging,2001,359
Indonesia,Sulawesi Tenggara,Other natural disturbances,2001,101
Indonesia,Sulawesi Tenggara,Permanent agriculture,2001,12332
Indonesia,Sulawesi Tenggara,Settlements & Infrastructure,2001,68
Indonesia,Sulawesi Tenggara,Shifting cultivation,2001,2844
Indonesia,Sulawesi Tenggara,Wildfire,2001,63
Indonesia,Sulawesi Tenggara,Hard commodities,2002,146
Indonesia,Sulawesi Tenggara,Logging,2002,595
Indonesia,Sulawesi Tenggara,Other natural disturbances,2002,109
Indonesia,Sulawesi Tenggara,Permanent agriculture,2002,11565
Indonesia,Sulawesi Tenggara,Settlements & Infrastructure,2002,47
Indonesia,Sulawesi Tenggara,Shifting cultivation,2002,3171
Indonesia,Sulawesi Tenggara,Wildfire,2002,194
Indonesia,Sulawesi Tenggara,Hard commodities,2003,327
Indonesia,Sulawesi Tenggara,Logging,2003,458
Indonesia,Sulawesi Tenggara,Other natural disturbances,2003,172
Indonesia,Sulawesi Tenggara,Permanent agriculture,2003,9743
Indonesia,Sulawesi Tenggara,Settlements & Infrastructure,2003,30
Indonesia,Sulawesi Tenggara,Shifting cultivation,2003,2259
Indonesia,Sulawesi Tenggara,Wildfire,2003,414
Indonesia,Sulawesi Tenggara,Hard commodities,2004,433
Indonesia,Sulawesi Tenggara,Logging,2004,1268
Indonesia,Sulawesi Tenggara,Other natural disturbances,2004,278
Indonesia,Sulawesi Tenggara,Permanent agriculture,2004,31800
Indonesia,Sulawesi Tenggara,Settlements & Infrastructure,2004,106
Indonesia,Sulawesi Tenggara,Shifting cultivation,2004,7214
Indonesia,Sulawesi Tenggara,Wildfire,2004,458
Indonesia,Sulawesi Tenggara,Hard commodities,2005,219
Indonesia,Sulawesi Tenggara,Logging,2005,493
Indonesia,Sulawesi Tenggara,Other natural disturbances,2005,124
Indonesia,Sulawesi Tenggara,Permanent agriculture,2005,12943
Indonesia,Sulawesi Tenggara,Settlements & Infrastructure,2005,58
Indonesia,Sulawesi Tenggara,Shifting cultivation,2005,2449
Indonesia,Sulawesi Tenggara,Wildfire,2005,110
Indonesia,Sulawesi Tenggara,Hard commodities,2006,372
Indonesia,Sulawesi Tenggara,Logging,2006,913
Indonesia,Sulawesi Tenggara,Other natural disturbances,2006,181
Indonesia,Sulawesi Tenggara,Permanent agriculture,2006,34835
Indonesia,Sulawesi Tenggara,Settlements & Infrastructure,2006,138
Indonesia,Sulawesi Tenggara,Shifting cultivation,2006,6488
Indonesia,Sulawesi Tenggara,Wildfire,2006,1419
Indonesia,Sulawesi Tenggara,Hard commodities,2007,363
Indonesia,Sulawesi Tenggara,Logging,2007,219
Indonesia,Sulawesi Tenggara,Other natural disturbances,2007,109
Indonesia,Sulawesi Tenggara,Permanent agriculture,2007,7109
Indonesia,Sulawesi Tenggara,Settlements & Infrastructure,2007,61
Indonesia,Sulawesi Tenggara,Shifting cultivation,2007,1100
Indonesia,Sulawesi Tenggara,Wildfire,2007,1003
Indonesia,Sulawesi Tenggara,Hard commodities,2008,577
Indonesia,Sulawesi Tenggara,Logging,2008,111
Indonesia,Sulawesi Tenggara,Other natural disturbances,2008,55
Indonesia,Sulawesi Tenggara,Permanent agriculture,2008,6900
Indonesia,Sulawesi Tenggara,Settlements & Infrastructure,2008,65
Indonesia,Sulawesi Tenggara,Shifting cultivation,2008,678
Indonesia,Sulawesi Tenggara,Wildfire,2008,298
Indonesia,Sulawesi Tenggara,Hard commodities,2009,501
Indonesia,Sulawesi Tenggara,Logging,2009,470
Indonesia,Sulawesi Tenggara,Other natural disturbances,2009,230
Indonesia,Sulawesi Tenggara,Permanent agriculture,2009,24956
Indonesia,Sulawesi Tenggara,Settlements & Infrastructure,2009,408
Indonesia,Sulawesi Tenggara,Shifting cultivation,2009,3127
Indonesia,Sulawesi Tenggara,Wildfire,2009,345
Indonesia,Sulawesi Tenggara,Hard commodities,2010,525
Indonesia,Sulawesi Tenggara,Logging,2010,163
Indonesia,Sulawesi Tenggara,Other natural disturbances,2010,130
Indonesia,Sulawesi Tenggara,Permanent agriculture,2010,5345
Indonesia,Sulawesi Tenggara,Settlements & Infrastructure,2010,40
Indonesia,Sulawesi Tenggara,Shifting cultivation,2010,1131
Indonesia,Sulawesi Tenggara,Wildfire,2010,268
Indonesia,Sulawesi Tenggara,Hard commodities,2011,1789
Indonesia,Sulawesi Tenggara,Logging,2011,277
Indonesia,Sulawesi Tenggara,Other natural disturbances,2011,219
Indonesia,Sulawesi Tenggara,Permanent agriculture,2011,17858
Indonesia,Sulawesi Tenggara,Settlements & Infrastructure,2011,230
Indonesia,Sulawesi Tenggara,Shifting cultivation,2011,2149
Indonesia,Sulawesi Tenggara,Wildfire,2011,376
Indonesia,Sulawesi Tenggara,Hard commodities,2012,2191
Indonesia,Sulawesi Tenggara,Logging,2012,642
Indonesia,Sulawesi Tenggara,Other natural disturbances,2012,180
Indonesia,Sulawesi Tenggara,Permanent agriculture,2012,17683
Indonesia,Sulawesi Tenggara,Settlements & Infrastructure,2012,272
Indonesia,Sulawesi Tenggara,Shifting cultivation,2012,1649
Indonesia,Sulawesi Tenggara,Wildfire,2012,321
Indonesia,Sulawesi Tenggara,Hard commodities,2013,1684
Indonesia,Sulawesi Tenggara,Logging,2013,805
Indonesia,Sulawesi Tenggara,Other natural disturbances,2013,108
Indonesia,Sulawesi Tenggara,Permanent agriculture,2013,11429
Indonesia,Sulawesi Tenggara,Settlements & Infrastructure,2013,106
Indonesia,Sulawesi Tenggara,Shifting cultivation,2013,1154
Indonesia,Sulawesi Tenggara,Wildfire,2013,182
Indonesia,Sulawesi Tenggara,Hard commodities,2014,954
Indonesia,Sulawesi Tenggara,Logging,2014,795
Indonesia,Sulawesi Tenggara,Other natural disturbances,2014,250
Indonesia,Sulawesi Tenggara,Permanent agriculture,2014,32344
Indonesia,Sulawesi Tenggara,Settlements & Infrastructure,2014,347
Indonesia,Sulawesi Tenggara,Shifting cultivation,2014,4193
Indonesia,Sulawesi Tenggara,Wildfire,2014,789
Indonesia,Sulawesi Tenggara,Hard commodities,2015,648
Indonesia,Sulawesi Tenggara,Logging,2015,708
Indonesia,Sulawesi Tenggara,Other natural disturbances,2015,378
Indonesia,Sulawesi Tenggara,Permanent agriculture,2015,34019
Indonesia,Sulawesi Tenggara,Settlements & Infrastructure,2015,305
Indonesia,Sulawesi Tenggara,Shifting cultivation,2015,5380
Indonesia,Sulawesi Tenggara,Wildfire,2015,2046
Indonesia,Sulawesi Tenggara,Hard commodities,2016,764
Indonesia,Sulawesi Tenggara,Logging,2016,1351
Indonesia,Sulawesi Tenggara,Other natural disturbances,2016,541
Indonesia,Sulawesi Tenggara,Permanent agriculture,2016,25681
Indonesia,Sulawesi Tenggara,Settlements & Infrastructure,2016,301
Indonesia,Sulawesi Tenggara,Shifting cultivation,2016,4852
Indonesia,Sulawesi Tenggara,Wildfire,2016,4901
Indonesia,Sulawesi Tenggara,Hard commodities,2017,611
Indonesia,Sulawesi Tenggara,Logging,2017,812
Indonesia,Sulawesi Tenggara,Other natural disturbances,2017,381
Indonesia,Sulawesi Tenggara,Permanent agriculture,2017,21048
Indonesia,Sulawesi Tenggara,Settlements & Infrastructure,2017,294
Indonesia,Sulawesi Tenggara,Shifting cultivation,2017,3728
Indonesia,Sulawesi Tenggara,Wildfire,2017,209
Indonesia,Sulawesi Tenggara,Hard commodities,2018,1243
Indonesia,Sulawesi Tenggara,Logging,2018,897
Indonesia,Sulawesi Tenggara,Other natural disturbances,2018,261
Indonesia,Sulawesi Tenggara,Permanent agriculture,2018,18714
Indonesia,Sulawesi Tenggara,Settlements & Infrastructure,2018,271
Indonesia,Sulawesi Tenggara,Shifting cultivation,2018,2638
Indonesia,Sulawesi Tenggara,Wildfire,2018,176
Indonesia,Sulawesi Tenggara,Hard commodities,2019,2014
Indonesia,Sulawesi Tenggara,Logging,2019,3789
Indonesia,Sulawesi Tenggara,Other natural disturbances,2019,1505
Indonesia,Sulawesi Tenggara,Permanent agriculture,2019,23233
Indonesia,Sulawesi Tenggara,Settlements & Infrastructure,2019,268
Indonesia,Sulawesi Tenggara,Shifting cultivation,2019,3521
Indonesia,Sulawesi Tenggara,Wildfire,2019,520
Indonesia,Sulawesi Tenggara,Hard commodities,2020,1342
Indonesia,Sulawesi Tenggara,Logging,2020,918
Indonesia,Sulawesi Tenggara,Other natural disturbances,2020,496
Indonesia,Sulawesi Tenggara,Permanent agriculture,2020,13341
Indonesia,Sulawesi Tenggara,Settlements & Infrastructure,2020,129
Indonesia,Sulawesi Tenggara,Shifting cultivation,2020,2368
Indonesia,Sulawesi Tenggara,Wildfire,2020,302
Indonesia,Sulawesi Tenggara,Hard commodities,2021,1459
Indonesia,Sulawesi Tenggara,Logging,2021,487
Indonesia,Sulawesi Tenggara,Other natural disturbances,2021,372
Indonesia,Sulawesi Tenggara,Permanent agriculture,2021,8311
Indonesia,Sulawesi Tenggara,Settlements & Infrastructure,2021,115
Indonesia,Sulawesi Tenggara,Shifting cultivation,2021,1367
Indonesia,Sulawesi Tenggara,Wildfire,2021,253
Indonesia,Sulawesi Tenggara,Hard commodities,2022,1784
Indonesia,Sulawesi Tenggara,Logging,2022,844
Indonesia,Sulawesi Tenggara,Other natural disturbances,2022,256
Indonesia,Sulawesi Tenggara,Permanent agriculture,2022,8887
Indonesia,Sulawesi Tenggara,Settlements & Infrastructure,2022,88
Indonesia,Sulawesi Tenggara,Shifting cultivation,2022,1175
Indonesia,Sulawesi Tenggara,Wildfire,2022,315
Indonesia,Sulawesi Tenggara,Hard commodities,2023,1938
Indonesia,Sulawesi Tenggara,Logging,2023,1418
Indonesia,Sulawesi Tenggara,Other natural disturbances,2023,380
Indonesia,Sulawesi Tenggara,Permanent agriculture,2023,26447
Indonesia,Sulawesi Tenggara,Settlements & Infrastructure,2023,309
Indonesia,Sulawesi Tenggara,Shifting cultivation,2023,3128
Indonesia,Sulawesi Tenggara,Wildfire,2023,536
Indonesia,Sulawesi Tenggara,Hard commodities,2024,1205
Indonesia,Sulawesi Tenggara,Logging,2024,776
Indonesia,Sulawesi Tenggara,Other natural disturbances,2024,215
Indonesia,Sulawesi Tenggara,Permanent agriculture,2024,12416
Indonesia,Sulawesi Tenggara,Settlements & Infrastructure,2024,136
Indonesia,Sulawesi Tenggara,Shifting cultivation,2024,1877
Indonesia,Sulawesi Tenggara,Wildfire,2024,276
Indonesia,Sulawesi Tenggara,Hard commodities,2025,1521
Indonesia,Sulawesi Tenggara,Logging,2025,1178
Indonesia,Sulawesi Tenggara,Other natural disturbances,2025,271
Indonesia,Sulawesi Tenggara,Permanent agriculture,2025,17144
Indonesia,Sulawesi Tenggara,Settlements & Infrastructure,2025,131
Indonesia,Sulawesi Tenggara,Shifting cultivation,2025,2815
Indonesia,Sulawesi Tenggara,Wildfire,2025,479
Indonesia,Sulawesi Utara,Hard commodities,2001,52
Indonesia,Sulawesi Utara,Logging,2001,486
Indonesia,Sulawesi Utara,Other natural disturbances,2001,27
Indonesia,Sulawesi Utara,Permanent agriculture,2001,2938
Indonesia,Sulawesi Utara,Settlements & Infrastructure,2001,58
Indonesia,Sulawesi Utara,Shifting cultivation,2001,921
Indonesia,Sulawesi Utara,Wildfire,2001,20
Indonesia,Sulawesi Utara,Hard commodities,2002,104
Indonesia,Sulawesi Utara,Logging,2002,1184
Indonesia,Sulawesi Utara,Other natural disturbances,2002,51
Indonesia,Sulawesi Utara,Permanent agriculture,2002,4404
Indonesia,Sulawesi Utara,Settlements & Infrastructure,2002,65
Indonesia,Sulawesi Utara,Shifting cultivation,2002,1811
Indonesia,Sulawesi Utara,Wildfire,2002,46
Indonesia,Sulawesi Utara,Hard commodities,2003,38
Indonesia,Sulawesi Utara,Logging,2003,651
Indonesia,Sulawesi Utara,Other natural disturbances,2003,42
Indonesia,Sulawesi Utara,Permanent agriculture,2003,1278
Indonesia,Sulawesi Utara,Settlements & Infrastructure,2003,22
Indonesia,Sulawesi Utara,Shifting cultivation,2003,857
Indonesia,Sulawesi Utara,Wildfire,2003,14
Indonesia,Sulawesi Utara,Hard commodities,2004,182
Indonesia,Sulawesi Utara,Logging,2004,818
Indonesia,Sulawesi Utara,Other natural disturbances,2004,70
Indonesia,Sulawesi Utara,Permanent agriculture,2004,3919
Indonesia,Sulawesi Utara,Settlements & Infrastructure,2004,122
Indonesia,Sulawesi Utara,Shifting cultivation,2004,1694
Indonesia,Sulawesi Utara,Wildfire,2004,20
Indonesia,Sulawesi Utara,Hard commodities,2005,49
Indonesia,Sulawesi Utara,Logging,2005,499
Indonesia,Sulawesi Utara,Other natural disturbances,2005,73
Indonesia,Sulawesi Utara,Permanent agriculture,2005,1993
Indonesia,Sulawesi Utara,Settlements & Infrastructure,2005,81
Indonesia,Sulawesi Utara,Shifting cultivation,2005,757
Indonesia,Sulawesi Utara,Wildfire,2005,12
Indonesia,Sulawesi Utara,Hard commodities,2006,105
Indonesia,Sulawesi Utara,Logging,2006,499
Indonesia,Sulawesi Utara,Other natural disturbances,2006,71
Indonesia,Sulawesi Utara,Permanent agriculture,2006,3167
Indonesia,Sulawesi Utara,Settlements & Infrastructure,2006,65
Indonesia,Sulawesi Utara,Shifting cultivation,2006,947
Indonesia,Sulawesi Utara,Wildfire,2006,26
Indonesia,Sulawesi Utara,Hard commodities,2007,105
Indonesia,Sulawesi Utara,Logging,2007,551
Indonesia,Sulawesi Utara,Other natural disturbances,2007,66
Indonesia,Sulawesi Utara,Permanent agriculture,2007,2643
Indonesia,Sulawesi Utara,Settlements & Infrastructure,2007,125
Indonesia,Sulawesi Utara,Shifting cultivation,2007,748
Indonesia,Sulawesi Utara,Wildfire,2007,19
Indonesia,Sulawesi Utara,Hard commodities,2008,11
Indonesia,Sulawesi Utara,Logging,2008,134
Indonesia,Sulawesi Utara,Other natural disturbances,2008,7
Indonesia,Sulawesi Utara,Permanent agriculture,2008,1130
Indonesia,Sulawesi Utara,Settlements & Infrastructure,2008,62
Indonesia,Sulawesi Utara,Shifting cultivation,2008,257
Indonesia,Sulawesi Utara,Wildfire,2008,1
Indonesia,Sulawesi Utara,Hard commodities,2009,72
Indonesia,Sulawesi Utara,Logging,2009,469
Indonesia,Sulawesi Utara,Other natural disturbances,2009,28
Indonesia,Sulawesi Utara,Permanent agriculture,2009,5329
Indonesia,Sulawesi Utara,Settlements & Infrastructure,2009,224
Indonesia,Sulawesi Utara,Shifting cultivation,2009,824
Indonesia,Sulawesi Utara,Wildfire,2009,31
Indonesia,Sulawesi Utara,Hard commodities,2010,42
Indonesia,Sulawesi Utara,Logging,2010,191
Indonesia,Sulawesi Utara,Other natural disturbances,2010,34
Indonesia,Sulawesi Utara,Permanent agriculture,2010,1376
Indonesia,Sulawesi Utara,Settlements & Infrastructure,2010,84
Indonesia,Sulawesi Utara,Shifting cultivation,2010,291
Indonesia,Sulawesi Utara,Wildfire,2010,7
Indonesia,Sulawesi Utara,Hard commodities,2011,69
Indonesia,Sulawesi Utara,Logging,2011,375
Indonesia,Sulawesi Utara,Other natural disturbances,2011,49
Indonesia,Sulawesi Utara,Permanent agriculture,2011,1952
Indonesia,Sulawesi Utara,Settlements & Infrastructure,2011,143
Indonesia,Sulawesi Utara,Shifting cultivation,2011,488
Indonesia,Sulawesi Utara,Wildfire,2011,13
Indonesia,Sulawesi Utara,Hard commodities,2012,39
Indonesia,Sulawesi Utara,Logging,2012,178
Indonesia,Sulawesi Utara,Other natural disturbances,2012,178
Indonesia,Sulawesi Utara,Permanent agriculture,2012,1789
Indonesia,Sulawesi Utara,Settlements & Infrastructure,2012,72
Indonesia,Sulawesi Utara,Shifting cultivation,2012,284
Indonesia,Sulawesi Utara,Wildfire,2012,94
Indonesia,Sulawesi Utara,Hard commodities,2013,28
Indonesia,Sulawesi Utara,Logging,2013,91
Indonesia,Sulawesi Utara,Other natural disturbances,2013,34
Indonesia,Sulawesi Utara,Permanent agriculture,2013,1195
Indonesia,Sulawesi Utara,Settlements & Infrastructure,2013,37
Indonesia,Sulawesi Utara,Shifting cultivation,2013,305
Indonesia,Sulawesi Utara,Wildfire,2013,7
Indonesia,Sulawesi Utara,Hard commodities,2014,124
Indonesia,Sulawesi Utara,Logging,2014,498
Indonesia,Sulawesi Utara,Other natural disturbances,2014,105
Indonesia,Sulawesi Utara,Permanent agriculture,2014,4774
Indonesia,Sulawesi Utara,Settlements & Infrastructure,2014,144
Indonesia,Sulawesi Utara,Shifting cultivation,2014,1167
Indonesia,Sulawesi Utara,Wildfire,2014,40
Indonesia,Sulawesi Utara,Hard commodities,2015,117
Indonesia,Sulawesi Utara,Logging,2015,1594
Indonesia,Sulawesi Utara,Other natural disturbances,2015,2108
Indonesia,Sulawesi Utara,Permanent agriculture,2015,8302
Indonesia,Sulawesi Utara,Settlements & Infrastructure,2015,147
Indonesia,Sulawesi Utara,Shifting cultivation,2015,2464
Indonesia,Sulawesi Utara,Wildfire,2015,836
Indonesia,Sulawesi Utara,Hard commodities,2016,106
Indonesia,Sulawesi Utara,Logging,2016,643
Indonesia,Sulawesi Utara,Other natural disturbances,2016,570
Indonesia,Sulawesi Utara,Permanent agriculture,2016,4494
Indonesia,Sulawesi Utara,Settlements & Infrastructure,2016,70
Indonesia,Sulawesi Utara,Shifting cultivation,2016,1341
Indonesia,Sulawesi Utara,Wildfire,2016,1534
Indonesia,Sulawesi Utara,Hard commodities,2017,83
Indonesia,Sulawesi Utara,Logging,2017,511
Indonesia,Sulawesi Utara,Other natural disturbances,2017,81
Indonesia,Sulawesi Utara,Permanent agriculture,2017,3870
Indonesia,Sulawesi Utara,Settlements & Infrastructure,2017,114
Indonesia,Sulawesi Utara,Shifting cultivation,2017,1063
Indonesia,Sulawesi Utara,Wildfire,2017,26
Indonesia,Sulawesi Utara,Hard commodities,2018,171
Indonesia,Sulawesi Utara,Logging,2018,448
Indonesia,Sulawesi Utara,Other natural disturbances,2018,80
Indonesia,Sulawesi Utara,Permanent agriculture,2018,5463
Indonesia,Sulawesi Utara,Settlements & Infrastructure,2018,163
Indonesia,Sulawesi Utara,Shifting cultivation,2018,1097
Indonesia,Sulawesi Utara,Wildfire,2018,23
Indonesia,Sulawesi Utara,Hard commodities,2019,245
Indonesia,Sulawesi Utara,Logging,2019,458
Indonesia,Sulawesi Utara,Other natural disturbances,2019,131
Indonesia,Sulawesi Utara,Permanent agriculture,2019,6802
Indonesia,Sulawesi Utara,Settlements & Infrastructure,2019,206
Indonesia,Sulawesi Utara,Shifting cultivation,2019,943
Indonesia,Sulawesi Utara,Wildfire,2019,128
Indonesia,Sulawesi Utara,Hard commodities,2020,144
Indonesia,Sulawesi Utara,Logging,2020,303
Indonesia,Sulawesi Utara,Other natural disturbances,2020,61
Indonesia,Sulawesi Utara,Permanent agriculture,2020,1928
Indonesia,Sulawesi Utara,Settlements & Infrastructure,2020,50
Indonesia,Sulawesi Utara,Shifting cultivation,2020,611
Indonesia,Sulawesi Utara,Wildfire,2020,13
Indonesia,Sulawesi Utara,Hard commodities,2021,193
Indonesia,Sulawesi Utara,Logging,2021,231
Indonesia,Sulawesi Utara,Other natural disturbances,2021,66
Indonesia,Sulawesi Utara,Permanent agriculture,2021,1839
Indonesia,Sulawesi Utara,Settlements & Infrastructure,2021,63
Indonesia,Sulawesi Utara,Shifting cultivation,2021,411
Indonesia,Sulawesi Utara,Wildfire,2021,9
Indonesia,Sulawesi Utara,Hard commodities,2022,222
Indonesia,Sulawesi Utara,Logging,2022,217
Indonesia,Sulawesi Utara,Other natural disturbances,2022,51
Indonesia,Sulawesi Utara,Permanent agriculture,2022,1798
Indonesia,Sulawesi Utara,Settlements & Infrastructure,2022,61
Indonesia,Sulawesi Utara,Shifting cultivation,2022,350
Indonesia,Sulawesi Utara,Wildfire,2022,19
Indonesia,Sulawesi Utara,Hard commodities,2023,283
Indonesia,Sulawesi Utara,Logging,2023,236
Indonesia,Sulawesi Utara,Other natural disturbances,2023,75
Indonesia,Sulawesi Utara,Permanent agriculture,2023,4513
Indonesia,Sulawesi Utara,Settlements & Infrastructure,2023,188
Indonesia,Sulawesi Utara,Shifting cultivation,2023,475
Indonesia,Sulawesi Utara,Wildfire,2023,18
Indonesia,Sulawesi Utara,Hard commodities,2024,214
Indonesia,Sulawesi Utara,Logging,2024,187
Indonesia,Sulawesi Utara,Other natural disturbances,2024,184
Indonesia,Sulawesi Utara,Permanent agriculture,2024,1823
Indonesia,Sulawesi Utara,Settlements & Infrastructure,2024,40
Indonesia,Sulawesi Utara,Shifting cultivation,2024,434
Indonesia,Sulawesi Utara,Wildfire,2024,590
Indonesia,Sulawesi Utara,Hard commodities,2025,148
Indonesia,Sulawesi Utara,Logging,2025,199
Indonesia,Sulawesi Utara,Other natural disturbances,2025,57
Indonesia,Sulawesi Utara,Permanent agriculture,2025,1860
Indonesia,Sulawesi Utara,Settlements & Infrastructure,2025,55
Indonesia,Sulawesi Utara,Shifting cultivation,2025,435
Indonesia,Sulawesi Utara,Wildfire,2025,5
Indonesia,Sumatera Barat,Hard commodities,2001,49
Indonesia,Sumatera Barat,Logging,2001,1167
Indonesia,Sumatera Barat,Other natural disturbances,2001,47
Indonesia,Sumatera Barat,Permanent agriculture,2001,11359
Indonesia,Sumatera Barat,Settlements & Infrastructure,2001,24
Indonesia,Sumatera Barat,Shifting cultivation,2001,2308
Indonesia,Sumatera Barat,Wildfire,2001,25
Indonesia,Sumatera Barat,Hard commodities,2002,61
Indonesia,Sumatera Barat,Logging,2002,2392
Indonesia,Sumatera Barat,Other natural disturbances,2002,58
Indonesia,Sumatera Barat,Permanent agriculture,2002,10189
Indonesia,Sumatera Barat,Settlements & Infrastructure,2002,22
Indonesia,Sumatera Barat,Shifting cultivation,2002,2604
Indonesia,Sumatera Barat,Wildfire,2002,27
Indonesia,Sumatera Barat,Hard commodities,2003,24
Indonesia,Sumatera Barat,Logging,2003,1872
Indonesia,Sumatera Barat,Other natural disturbances,2003,27
Indonesia,Sumatera Barat,Permanent agriculture,2003,6819
Indonesia,Sumatera Barat,Settlements & Infrastructure,2003,17
Indonesia,Sumatera Barat,Shifting cultivation,2003,1054
Indonesia,Sumatera Barat,Wildfire,2003,4
Indonesia,Sumatera Barat,Hard commodities,2004,93
Indonesia,Sumatera Barat,Logging,2004,1892
Indonesia,Sumatera Barat,Other natural disturbances,2004,53
Indonesia,Sumatera Barat,Permanent agriculture,2004,21437
Indonesia,Sumatera Barat,Settlements & Infrastructure,2004,45
Indonesia,Sumatera Barat,Shifting cultivation,2004,2976
Indonesia,Sumatera Barat,Wildfire,2004,16
Indonesia,Sumatera Barat,Hard commodities,2005,104
Indonesia,Sumatera Barat,Logging,2005,2428
Indonesia,Sumatera Barat,Other natural disturbances,2005,119
Indonesia,Sumatera Barat,Permanent agriculture,2005,22423
Indonesia,Sumatera Barat,Settlements & Infrastructure,2005,102
Indonesia,Sumatera Barat,Shifting cultivation,2005,4034
Indonesia,Sumatera Barat,Wildfire,2005,29
Indonesia,Sumatera Barat,Hard commodities,2006,113
Indonesia,Sumatera Barat,Logging,2006,1570
Indonesia,Sumatera Barat,Other natural disturbances,2006,149
Indonesia,Sumatera Barat,Permanent agriculture,2006,26475
Indonesia,Sumatera Barat,Settlements & Infrastructure,2006,47
Indonesia,Sumatera Barat,Shifting cultivation,2006,4198
Indonesia,Sumatera Barat,Wildfire,2006,134
Indonesia,Sumatera Barat,Hard commodities,2007,125
Indonesia,Sumatera Barat,Logging,2007,1332
Indonesia,Sumatera Barat,Other natural disturbances,2007,90
Indonesia,Sumatera Barat,Permanent agriculture,2007,25386
Indonesia,Sumatera Barat,Settlements & Infrastructure,2007,65
Indonesia,Sumatera Barat,Shifting cultivation,2007,4490
Indonesia,Sumatera Barat,Wildfire,2007,149
Indonesia,Sumatera Barat,Hard commodities,2008,171
Indonesia,Sumatera Barat,Logging,2008,1478
Indonesia,Sumatera Barat,Other natural disturbances,2008,103
Indonesia,Sumatera Barat,Permanent agriculture,2008,27232
Indonesia,Sumatera Barat,Settlements & Infrastructure,2008,94
Indonesia,Sumatera Barat,Shifting cultivation,2008,4862
Indonesia,Sumatera Barat,Wildfire,2008,66
Indonesia,Sumatera Barat,Hard commodities,2009,202
Indonesia,Sumatera Barat,Logging,2009,3058
Indonesia,Sumatera Barat,Other natural disturbances,2009,129
Indonesia,Sumatera Barat,Permanent agriculture,2009,30582
Indonesia,Sumatera Barat,Settlements & Infrastructure,2009,179
Indonesia,Sumatera Barat,Shifting cultivation,2009,6104
Indonesia,Sumatera Barat,Wildfire,2009,228
Indonesia,Sumatera Barat,Hard commodities,2010,124
Indonesia,Sumatera Barat,Logging,2010,1321
Indonesia,Sumatera Barat,Other natural disturbances,2010,345
Indonesia,Sumatera Barat,Permanent agriculture,2010,17439
Indonesia,Sumatera Barat,Settlements & Infrastructure,2010,103
Indonesia,Sumatera Barat,Shifting cultivation,2010,3493
Indonesia,Sumatera Barat,Wildfire,2010,74
Indonesia,Sumatera Barat,Hard commodities,2011,229
Indonesia,Sumatera Barat,Logging,2011,2558
Indonesia,Sumatera Barat,Other natural disturbances,2011,192
Indonesia,Sumatera Barat,Permanent agriculture,2011,34969
Indonesia,Sumatera Barat,Settlements & Infrastructure,2011,83
Indonesia,Sumatera Barat,Shifting cultivation,2011,4227
Indonesia,Sumatera Barat,Wildfire,2011,272
Indonesia,Sumatera Barat,Hard commodities,2012,140
Indonesia,Sumatera Barat,Logging,2012,3513
Indonesia,Sumatera Barat,Other natural disturbances,2012,167
Indonesia,Sumatera Barat,Permanent agriculture,2012,27433
Indonesia,Sumatera Barat,Settlements & Infrastructure,2012,80
Indonesia,Sumatera Barat,Shifting cultivation,2012,4894
Indonesia,Sumatera Barat,Wildfire,2012,212
Indonesia,Sumatera Barat,Hard commodities,2013,89
Indonesia,Sumatera Barat,Logging,2013,1351
Indonesia,Sumatera Barat,Other natural disturbances,2013,141
Indonesia,Sumatera Barat,Permanent agriculture,2013,17948
Indonesia,Sumatera Barat,Settlements & Infrastructure,2013,39
Indonesia,Sumatera Barat,Shifting cultivation,2013,2692
Indonesia,Sumatera Barat,Wildfire,2013,137
Indonesia,Sumatera Barat,Hard commodities,2014,160
Indonesia,Sumatera Barat,Logging,2014,1796
Indonesia,Sumatera Barat,Other natural disturbances,2014,223
Indonesia,Sumatera Barat,Permanent agriculture,2014,24324
Indonesia,Sumatera Barat,Settlements & Infrastructure,2014,62
Indonesia,Sumatera Barat,Shifting cultivation,2014,3672
Indonesia,Sumatera Barat,Wildfire,2014,272
Indonesia,Sumatera Barat,Hard commodities,2015,171
Indonesia,Sumatera Barat,Logging,2015,1539
Indonesia,Sumatera Barat,Other natural disturbances,2015,147
Indonesia,Sumatera Barat,Permanent agriculture,2015,17639
Indonesia,Sumatera Barat,Settlements & Infrastructure,2015,46
Indonesia,Sumatera Barat,Shifting cultivation,2015,2718
Indonesia,Sumatera Barat,Wildfire,2015,211
Indonesia,Sumatera Barat,Hard commodities,2016,320
Indonesia,Sumatera Barat,Logging,2016,2236
Indonesia,Sumatera Barat,Other natural disturbances,2016,821
Indonesia,Sumatera Barat,Permanent agriculture,2016,29369
Indonesia,Sumatera Barat,Settlements & Infrastructure,2016,141
Indonesia,Sumatera Barat,Shifting cultivation,2016,5914
Indonesia,Sumatera Barat,Wildfire,2016,305
Indonesia,Sumatera Barat,Hard commodities,2017,290
Indonesia,Sumatera Barat,Logging,2017,2820
Indonesia,Sumatera Barat,Other natural disturbances,2017,603
Indonesia,Sumatera Barat,Permanent agriculture,2017,38636
Indonesia,Sumatera Barat,Settlements & Infrastructure,2017,152
Indonesia,Sumatera Barat,Shifting cultivation,2017,8391
Indonesia,Sumatera Barat,Wildfire,2017,558
Indonesia,Sumatera Barat,Hard commodities,2018,196
Indonesia,Sumatera Barat,Logging,2018,1759
Indonesia,Sumatera Barat,Other natural disturbances,2018,295
Indonesia,Sumatera Barat,Permanent agriculture,2018,28966
Indonesia,Sumatera Barat,Settlements & Infrastructure,2018,91
Indonesia,Sumatera Barat,Shifting cultivation,2018,5876
Indonesia,Sumatera Barat,Wildfire,2018,193
Indonesia,Sumatera Barat,Hard commodities,2019,161
Indonesia,Sumatera Barat,Logging,2019,2242
Indonesia,Sumatera Barat,Other natural disturbances,2019,310
Indonesia,Sumatera Barat,Permanent agriculture,2019,23878
Indonesia,Sumatera Barat,Settlements & Infrastructure,2019,82
Indonesia,Sumatera Barat,Shifting cultivation,2019,4234
Indonesia,Sumatera Barat,Wildfire,2019,49
Indonesia,Sumatera Barat,Hard commodities,2020,230
Indonesia,Sumatera Barat,Logging,2020,1803
Indonesia,Sumatera Barat,Other natural disturbances,2020,284
Indonesia,Sumatera Barat,Permanent agriculture,2020,23816
Indonesia,Sumatera Barat,Settlements & Infrastructure,2020,95
Indonesia,Sumatera Barat,Shifting cultivation,2020,4051
Indonesia,Sumatera Barat,Wildfire,2020,88
Indonesia,Sumatera Barat,Hard commodities,2021,388
Indonesia,Sumatera Barat,Logging,2021,2177
Indonesia,Sumatera Barat,Other natural disturbances,2021,437
Indonesia,Sumatera Barat,Permanent agriculture,2021,27903
Indonesia,Sumatera Barat,Settlements & Infrastructure,2021,107
Indonesia,Sumatera Barat,Shifting cultivation,2021,4634
Indonesia,Sumatera Barat,Wildfire,2021,119
Indonesia,Sumatera Barat,Hard commodities,2022,469
Indonesia,Sumatera Barat,Logging,2022,2213
Indonesia,Sumatera Barat,Other natural disturbances,2022,619
Indonesia,Sumatera Barat,Permanent agriculture,2022,27266
Indonesia,Sumatera Barat,Settlements & Infrastructure,2022,102
Indonesia,Sumatera Barat,Shifting cultivation,2022,4476
Indonesia,Sumatera Barat,Wildfire,2022,434
Indonesia,Sumatera Barat,Hard commodities,2023,330
Indonesia,Sumatera Barat,Logging,2023,2480
Indonesia,Sumatera Barat,Other natural disturbances,2023,213
Indonesia,Sumatera Barat,Permanent agriculture,2023,27547
Indonesia,Sumatera Barat,Settlements & Infrastructure,2023,135
Indonesia,Sumatera Barat,Shifting cultivation,2023,4289
Indonesia,Sumatera Barat,Wildfire,2023,181
Indonesia,Sumatera Barat,Hard commodities,2024,420
Indonesia,Sumatera Barat,Logging,2024,4452
Indonesia,Sumatera Barat,Other natural disturbances,2024,386
Indonesia,Sumatera Barat,Permanent agriculture,2024,22202
Indonesia,Sumatera Barat,Settlements & Infrastructure,2024,74
Indonesia,Sumatera Barat,Shifting cultivation,2024,4386
Indonesia,Sumatera Barat,Wildfire,2024,263
Indonesia,Sumatera Barat,Hard commodities,2025,660
Indonesia,Sumatera Barat,Logging,2025,5864
Indonesia,Sumatera Barat,Other natural disturbances,2025,765
Indonesia,Sumatera Barat,Permanent agriculture,2025,30529
Indonesia,Sumatera Barat,Settlements & Infrastructure,2025,119
Indonesia,Sumatera Barat,Shifting cultivation,2025,7446
Indonesia,Sumatera Barat,Wildfire,2025,739
Indonesia,Sumatera Selatan,Hard commodities,2001,293
Indonesia,Sumatera Selatan,Logging,2001,2837
Indonesia,Sumatera Selatan,Other natural disturbances,2001,93
Indonesia,Sumatera Selatan,Permanent agriculture,2001,52064
Indonesia,Sumatera Selatan,Settlements & Infrastructure,2001,122
Indonesia,Sumatera Selatan,Shifting cultivation,2001,2997
Indonesia,Sumatera Selatan,Wildfire,2001,585
Indonesia,Sumatera Selatan,Hard commodities,2002,272
Indonesia,Sumatera Selatan,Logging,2002,7104
Indonesia,Sumatera Selatan,Other natural disturbances,2002,102
Indonesia,Sumatera Selatan,Permanent agriculture,2002,54344
Indonesia,Sumatera Selatan,Settlements & Infrastructure,2002,115
Indonesia,Sumatera Selatan,Shifting cultivation,2002,2222
Indonesia,Sumatera Selatan,Wildfire,2002,1780
Indonesia,Sumatera Selatan,Hard commodities,2003,172
Indonesia,Sumatera Selatan,Logging,2003,2252
Indonesia,Sumatera Selatan,Other natural disturbances,2003,55
Indonesia,Sumatera Selatan,Permanent agriculture,2003,26452
Indonesia,Sumatera Selatan,Settlements & Infrastructure,2003,81
Indonesia,Sumatera Selatan,Shifting cultivation,2003,969
Indonesia,Sumatera Selatan,Wildfire,2003,702
Indonesia,Sumatera Selatan,Hard commodities,2004,523
Indonesia,Sumatera Selatan,Logging,2004,10331
Indonesia,Sumatera Selatan,Other natural disturbances,2004,105
Indonesia,Sumatera Selatan,Permanent agriculture,2004,85380
Indonesia,Sumatera Selatan,Settlements & Infrastructure,2004,209
Indonesia,Sumatera Selatan,Shifting cultivation,2004,3497
Indonesia,Sumatera Selatan,Wildfire,2004,2095
Indonesia,Sumatera Selatan,Hard commodities,2005,553
Indonesia,Sumatera Selatan,Logging,2005,10744
Indonesia,Sumatera Selatan,Other natural disturbances,2005,210
Indonesia,Sumatera Selatan,Permanent agriculture,2005,71467
Indonesia,Sumatera Selatan,Settlements & Infrastructure,2005,195
Indonesia,Sumatera Selatan,Shifting cultivation,2005,2221
Indonesia,Sumatera Selatan,Wildfire,2005,1999
Indonesia,Sumatera Selatan,Hard commodities,2006,1031
Indonesia,Sumatera Selatan,Logging,2006,32087
Indonesia,Sumatera Selatan,Other natural disturbances,2006,103
Indonesia,Sumatera Selatan,Permanent agriculture,2006,128646
Indonesia,Sumatera Selatan,Settlements & Infrastructure,2006,317
Indonesia,Sumatera Selatan,Shifting cultivation,2006,4162
Indonesia,Sumatera Selatan,Wildfire,2006,4006
Indonesia,Sumatera Selatan,Hard commodities,2007,454
Indonesia,Sumatera Selatan,Logging,2007,40661
Indonesia,Sumatera Selatan,Other natural disturbances,2007,258
Indonesia,Sumatera Selatan,Permanent agriculture,2007,118438
Indonesia,Sumatera Selatan,Settlements & Infrastructure,2007,227
Indonesia,Sumatera Selatan,Shifting cultivation,2007,1311
Indonesia,Sumatera Selatan,Wildfire,2007,12620
Indonesia,Sumatera Selatan,Hard commodities,2008,1191
Indonesia,Sumatera Selatan,Logging,2008,33976
Indonesia,Sumatera Selatan,Other natural disturbances,2008,142
Indonesia,Sumatera Selatan,Permanent agriculture,2008,145941
Indonesia,Sumatera Selatan,Settlements & Infrastructure,2008,340
Indonesia,Sumatera Selatan,Shifting cultivation,2008,5204
Indonesia,Sumatera Selatan,Wildfire,2008,2431
Indonesia,Sumatera Selatan,Hard commodities,2009,838
Indonesia,Sumatera Selatan,Logging,2009,20394
Indonesia,Sumatera Selatan,Other natural disturbances,2009,432
Indonesia,Sumatera Selatan,Permanent agriculture,2009,167393
Indonesia,Sumatera Selatan,Settlements & Infrastructure,2009,311
Indonesia,Sumatera Selatan,Shifting cultivation,2009,3272
Indonesia,Sumatera Selatan,Wildfire,2009,8770
Indonesia,Sumatera Selatan,Hard commodities,2010,853
Indonesia,Sumatera Selatan,Logging,2010,23089
Indonesia,Sumatera Selatan,Other natural disturbances,2010,169
Indonesia,Sumatera Selatan,Permanent agriculture,2010,88782
Indonesia,Sumatera Selatan,Settlements & Infrastructure,2010,184
Indonesia,Sumatera Selatan,Shifting cultivation,2010,2773
Indonesia,Sumatera Selatan,Wildfire,2010,4313
Indonesia,Sumatera Selatan,Hard commodities,2011,868
Indonesia,Sumatera Selatan,Logging,2011,17635
Indonesia,Sumatera Selatan,Other natural disturbances,2011,189
Indonesia,Sumatera Selatan,Permanent agriculture,2011,105116
Indonesia,Sumatera Selatan,Settlements & Infrastructure,2011,195
Indonesia,Sumatera Selatan,Shifting cultivation,2011,2071
Indonesia,Sumatera Selatan,Wildfire,2011,6197
Indonesia,Sumatera Selatan,Hard commodities,2012,1946
Indonesia,Sumatera Selatan,Logging,2012,25426
Indonesia,Sumatera Selatan,Other natural disturbances,2012,530
Indonesia,Sumatera Selatan,Permanent agriculture,2012,305496
Indonesia,Sumatera Selatan,Settlements & Infrastructure,2012,597
Indonesia,Sumatera Selatan,Shifting cultivation,2012,5136
Indonesia,Sumatera Selatan,Wildfire,2012,22109
Indonesia,Sumatera Selatan,Hard commodities,2013,588
Indonesia,Sumatera Selatan,Logging,2013,11192
Indonesia,Sumatera Selatan,Other natural disturbances,2013,70
Indonesia,Sumatera Selatan,Permanent agriculture,2013,80218
Indonesia,Sumatera Selatan,Settlements & Infrastructure,2013,218
Indonesia,Sumatera Selatan,Shifting cultivation,2013,2506
Indonesia,Sumatera Selatan,Wildfire,2013,6140
Indonesia,Sumatera Selatan,Hard commodities,2014,776
Indonesia,Sumatera Selatan,Logging,2014,13382
Indonesia,Sumatera Selatan,Other natural disturbances,2014,263
Indonesia,Sumatera Selatan,Permanent agriculture,2014,129239
Indonesia,Sumatera Selatan,Settlements & Infrastructure,2014,345
Indonesia,Sumatera Selatan,Shifting cultivation,2014,5616
Indonesia,Sumatera Selatan,Wildfire,2014,9895
Indonesia,Sumatera Selatan,Hard commodities,2015,1240
Indonesia,Sumatera Selatan,Logging,2015,18557
Indonesia,Sumatera Selatan,Other natural disturbances,2015,478
Indonesia,Sumatera Selatan,Permanent agriculture,2015,105540
Indonesia,Sumatera Selatan,Settlements & Infrastructure,2015,426
Indonesia,Sumatera Selatan,Shifting cultivation,2015,3581
Indonesia,Sumatera Selatan,Wildfire,2015,39199
Indonesia,Sumatera Selatan,Hard commodities,2016,999
Indonesia,Sumatera Selatan,Logging,2016,22181
Indonesia,Sumatera Selatan,Other natural disturbances,2016,825
Indonesia,Sumatera Selatan,Permanent agriculture,2016,136605
Indonesia,Sumatera Selatan,Settlements & Infrastructure,2016,541
Indonesia,Sumatera Selatan,Shifting cultivation,2016,6136
Indonesia,Sumatera Selatan,Wildfire,2016,108431
Indonesia,Sumatera Selatan,Hard commodities,2017,812
Indonesia,Sumatera Selatan,Logging,2017,15965
Indonesia,Sumatera Selatan,Other natural disturbances,2017,377
Indonesia,Sumatera Selatan,Permanent agriculture,2017,94189
Indonesia,Sumatera Selatan,Settlements & Infrastructure,2017,499
Indonesia,Sumatera Selatan,Shifting cultivation,2017,3698
Indonesia,Sumatera Selatan,Wildfire,2017,9094
Indonesia,Sumatera Selatan,Hard commodities,2018,1722
Indonesia,Sumatera Selatan,Logging,2018,10981
Indonesia,Sumatera Selatan,Other natural disturbances,2018,419
Indonesia,Sumatera Selatan,Permanent agriculture,2018,102642
Indonesia,Sumatera Selatan,Settlements & Infrastructure,2018,472
Indonesia,Sumatera Selatan,Shifting cultivation,2018,4313
Indonesia,Sumatera Selatan,Wildfire,2018,4902
Indonesia,Sumatera Selatan,Hard commodities,2019,1559
Indonesia,Sumatera Selatan,Logging,2019,9037
Indonesia,Sumatera Selatan,Other natural disturbances,2019,280
Indonesia,Sumatera Selatan,Permanent agriculture,2019,79524
Indonesia,Sumatera Selatan,Settlements & Infrastructure,2019,518
Indonesia,Sumatera Selatan,Shifting cultivation,2019,2938
Indonesia,Sumatera Selatan,Wildfire,2019,8720
Indonesia,Sumatera Selatan,Hard commodities,2020,1027
Indonesia,Sumatera Selatan,Logging,2020,4719
Indonesia,Sumatera Selatan,Other natural disturbances,2020,245
Indonesia,Sumatera Selatan,Permanent agriculture,2020,83376
Indonesia,Sumatera Selatan,Settlements & Infrastructure,2020,257
Indonesia,Sumatera Selatan,Shifting cultivation,2020,2981
Indonesia,Sumatera Selatan,Wildfire,2020,15745
Indonesia,Sumatera Selatan,Hard commodities,2021,1462
Indonesia,Sumatera Selatan,Logging,2021,3644
Indonesia,Sumatera Selatan,Other natural disturbances,2021,193
Indonesia,Sumatera Selatan,Permanent agriculture,2021,62254
Indonesia,Sumatera Selatan,Settlements & Infrastructure,2021,223
Indonesia,Sumatera Selatan,Shifting cultivation,2021,2123
Indonesia,Sumatera Selatan,Wildfire,2021,7951
Indonesia,Sumatera Selatan,Hard commodities,2022,1612
Indonesia,Sumatera Selatan,Logging,2022,2497
Indonesia,Sumatera Selatan,Other natural disturbances,2022,72
Indonesia,Sumatera Selatan,Permanent agriculture,2022,73931
Indonesia,Sumatera Selatan,Settlements & Infrastructure,2022,183
Indonesia,Sumatera Selatan,Shifting cultivation,2022,2110
Indonesia,Sumatera Selatan,Wildfire,2022,7394
Indonesia,Sumatera Selatan,Hard commodities,2023,2482
Indonesia,Sumatera Selatan,Logging,2023,2760
Indonesia,Sumatera Selatan,Other natural disturbances,2023,291
Indonesia,Sumatera Selatan,Permanent agriculture,2023,122598
Indonesia,Sumatera Selatan,Settlements & Infrastructure,2023,354
Indonesia,Sumatera Selatan,Shifting cultivation,2023,3896
Indonesia,Sumatera Selatan,Wildfire,2023,6855
Indonesia,Sumatera Selatan,Hard commodities,2024,1229
Indonesia,Sumatera Selatan,Logging,2024,2914
Indonesia,Sumatera Selatan,Other natural disturbances,2024,276
Indonesia,Sumatera Selatan,Permanent agriculture,2024,103511
Indonesia,Sumatera Selatan,Settlements & Infrastructure,2024,247
Indonesia,Sumatera Selatan,Shifting cultivation,2024,2641
Indonesia,Sumatera Selatan,Wildfire,2024,9624
Indonesia,Sumatera Selatan,Hard commodities,2025,944
Indonesia,Sumatera Selatan,Logging,2025,2550
Indonesia,Sumatera Selatan,Other natural disturbances,2025,155
Indonesia,Sumatera Selatan,Permanent agriculture,2025,105592
Indonesia,Sumatera Selatan,Settlements & Infrastructure,2025,235
Indonesia,Sumatera Selatan,Shifting cultivation,2025,3967
Indonesia,Sumatera Selatan,Wildfire,2025,5877
Indonesia,Sumatera Utara,Hard commodities,2001,54
Indonesia,Sumatera Utara,Logging,2001,2790
Indonesia,Sumatera Utara,Other natural disturbances,2001,80
Indonesia,Sumatera Utara,Permanent agriculture,2001,47840
Indonesia,Sumatera Utara,Settlements & Infrastructure,2001,283
Indonesia,Sumatera Utara,Shifting cultivation,2001,3181
Indonesia,Sumatera Utara,Wildfire,2001,55
Indonesia,Sumatera Utara,Hard commodities,2002,33
Indonesia,Sumatera Utara,Logging,2002,2834
Indonesia,Sumatera Utara,Other natural disturbances,2002,64
Indonesia,Sumatera Utara,Permanent agriculture,2002,32727
Indonesia,Sumatera Utara,Settlements & Infrastructure,2002,76
Indonesia,Sumatera Utara,Shifting cultivation,2002,3744
Indonesia,Sumatera Utara,Wildfire,2002,227
Indonesia,Sumatera Utara,Hard commodities,2003,36
Indonesia,Sumatera Utara,Logging,2003,2980
Indonesia,Sumatera Utara,Other natural disturbances,2003,63
Indonesia,Sumatera Utara,Permanent agriculture,2003,32065
Indonesia,Sumatera Utara,Settlements & Infrastructure,2003,106
Indonesia,Sumatera Utara,Shifting cultivation,2003,2164
Indonesia,Sumatera Utara,Wildfire,2003,44
Indonesia,Sumatera Utara,Hard commodities,2004,52
Indonesia,Sumatera Utara,Logging,2004,5036
Indonesia,Sumatera Utara,Other natural disturbances,2004,112
Indonesia,Sumatera Utara,Permanent agriculture,2004,63385
Indonesia,Sumatera Utara,Settlements & Infrastructure,2004,350
Indonesia,Sumatera Utara,Shifting cultivation,2004,3367
Indonesia,Sumatera Utara,Wildfire,2004,43
Indonesia,Sumatera Utara,Hard commodities,2005,32
Indonesia,Sumatera Utara,Logging,2005,4481
Indonesia,Sumatera Utara,Other natural disturbances,2005,98
Indonesia,Sumatera Utara,Permanent agriculture,2005,66789
Indonesia,Sumatera Utara,Settlements & Infrastructure,2005,104
Indonesia,Sumatera Utara,Shifting cultivation,2005,2876
Indonesia,Sumatera Utara,Wildfire,2005,104
Indonesia,Sumatera Utara,Hard commodities,2006,37
Indonesia,Sumatera Utara,Logging,2006,4966
Indonesia,Sumatera Utara,Other natural disturbances,2006,126
Indonesia,Sumatera Utara,Permanent agriculture,2006,56949
Indonesia,Sumatera Utara,Settlements & Infrastructure,2006,202
Indonesia,Sumatera Utara,Shifting cultivation,2006,4266
Indonesia,Sumatera Utara,Wildfire,2006,145
Indonesia,Sumatera Utara,Hard commodities,2007,51
Indonesia,Sumatera Utara,Logging,2007,4310
Indonesia,Sumatera Utara,Other natural disturbances,2007,222
Indonesia,Sumatera Utara,Permanent agriculture,2007,44930
Indonesia,Sumatera Utara,Settlements & Infrastructure,2007,179
Indonesia,Sumatera Utara,Shifting cultivation,2007,2627
Indonesia,Sumatera Utara,Wildfire,2007,79
Indonesia,Sumatera Utara,Hard commodities,2008,58
Indonesia,Sumatera Utara,Logging,2008,11081
Indonesia,Sumatera Utara,Other natural disturbances,2008,126
Indonesia,Sumatera Utara,Permanent agriculture,2008,49645
Indonesia,Sumatera Utara,Settlements & Infrastructure,2008,135
Indonesia,Sumatera Utara,Shifting cultivation,2008,4512
Indonesia,Sumatera Utara,Wildfire,2008,92
Indonesia,Sumatera Utara,Hard commodities,2009,178
Indonesia,Sumatera Utara,Logging,2009,15123
Indonesia,Sumatera Utara,Other natural disturbances,2009,193
Indonesia,Sumatera Utara,Permanent agriculture,2009,99032
Indonesia,Sumatera Utara,Settlements & Infrastructure,2009,364
Indonesia,Sumatera Utara,Shifting cultivation,2009,5764
Indonesia,Sumatera Utara,Wildfire,2009,367
Indonesia,Sumatera Utara,Hard commodities,2010,78
Indonesia,Sumatera Utara,Logging,2010,9723
Indonesia,Sumatera Utara,Other natural disturbances,2010,168
Indonesia,Sumatera Utara,Permanent agriculture,2010,79372
Indonesia,Sumatera Utara,Settlements & Infrastructure,2010,297
Indonesia,Sumatera Utara,Shifting cultivation,2010,3296
Indonesia,Sumatera Utara,Wildfire,2010,361
Indonesia,Sumatera Utara,Hard commodities,2011,177
Indonesia,Sumatera Utara,Logging,2011,10603
Indonesia,Sumatera Utara,Other natural disturbances,2011,165
Indonesia,Sumatera Utara,Permanent agriculture,2011,84591
Indonesia,Sumatera Utara,Settlements & Infrastructure,2011,228
Indonesia,Sumatera Utara,Shifting cultivation,2011,4172
Indonesia,Sumatera Utara,Wildfire,2011,598
Indonesia,Sumatera Utara,Hard commodities,2012,108
Indonesia,Sumatera Utara,Logging,2012,9784
Indonesia,Sumatera Utara,Other natural disturbances,2012,351
Indonesia,Sumatera Utara,Permanent agriculture,2012,73397
Indonesia,Sumatera Utara,Settlements & Infrastructure,2012,278
Indonesia,Sumatera Utara,Shifting cultivation,2012,4623
Indonesia,Sumatera Utara,Wildfire,2012,689
Indonesia,Sumatera Utara,Hard commodities,2013,101
Indonesia,Sumatera Utara,Logging,2013,5278
Indonesia,Sumatera Utara,Other natural disturbances,2013,188
Indonesia,Sumatera Utara,Permanent agriculture,2013,43707
Indonesia,Sumatera Utara,Settlements & Infrastructure,2013,105
Indonesia,Sumatera Utara,Shifting cultivation,2013,3400
Indonesia,Sumatera Utara,Wildfire,2013,435
Indonesia,Sumatera Utara,Hard commodities,2014,364
Indonesia,Sumatera Utara,Logging,2014,7420
Indonesia,Sumatera Utara,Other natural disturbances,2014,484
Indonesia,Sumatera Utara,Permanent agriculture,2014,68127
Indonesia,Sumatera Utara,Settlements & Infrastructure,2014,295
Indonesia,Sumatera Utara,Shifting cultivation,2014,5795
Indonesia,Sumatera Utara,Wildfire,2014,2921
Indonesia,Sumatera Utara,Hard commodities,2015,175
Indonesia,Sumatera Utara,Logging,2015,4773
Indonesia,Sumatera Utara,Other natural disturbances,2015,242
Indonesia,Sumatera Utara,Permanent agriculture,2015,43762
Indonesia,Sumatera Utara,Settlements & Infrastructure,2015,115
Indonesia,Sumatera Utara,Shifting cultivation,2015,3634
Indonesia,Sumatera Utara,Wildfire,2015,277
Indonesia,Sumatera Utara,Hard commodities,2016,133
Indonesia,Sumatera Utara,Logging,2016,7517
Indonesia,Sumatera Utara,Other natural disturbances,2016,469
Indonesia,Sumatera Utara,Permanent agriculture,2016,64137
Indonesia,Sumatera Utara,Settlements & Infrastructure,2016,312
Indonesia,Sumatera Utara,Shifting cultivation,2016,6154
Indonesia,Sumatera Utara,Wildfire,2016,505
Indonesia,Sumatera Utara,Hard commodities,2017,256
Indonesia,Sumatera Utara,Logging,2017,5092
Indonesia,Sumatera Utara,Other natural disturbances,2017,632
Indonesia,Sumatera Utara,Permanent agriculture,2017,59539
Indonesia,Sumatera Utara,Settlements & Infrastructure,2017,246
Indonesia,Sumatera Utara,Shifting cultivation,2017,5681
Indonesia,Sumatera Utara,Wildfire,2017,3044
Indonesia,Sumatera Utara,Hard commodities,2018,279
Indonesia,Sumatera Utara,Logging,2018,4067
Indonesia,Sumatera Utara,Other natural disturbances,2018,343
Indonesia,Sumatera Utara,Permanent agriculture,2018,56940
Indonesia,Sumatera Utara,Settlements & Infrastructure,2018,258
Indonesia,Sumatera Utara,Shifting cultivation,2018,4176
Indonesia,Sumatera Utara,Wildfire,2018,108
Indonesia,Sumatera Utara,Hard commodities,2019,255
Indonesia,Sumatera Utara,Logging,2019,3261
Indonesia,Sumatera Utara,Other natural disturbances,2019,230
Indonesia,Sumatera Utara,Permanent agriculture,2019,44861
Indonesia,Sumatera Utara,Settlements & Infrastructure,2019,206
Indonesia,Sumatera Utara,Shifting cultivation,2019,2945
Indonesia,Sumatera Utara,Wildfire,2019,98
Indonesia,Sumatera Utara,Hard commodities,2020,159
Indonesia,Sumatera Utara,Logging,2020,2563
Indonesia,Sumatera Utara,Other natural disturbances,2020,252
Indonesia,Sumatera Utara,Permanent agriculture,2020,43948
Indonesia,Sumatera Utara,Settlements & Infrastructure,2020,184
Indonesia,Sumatera Utara,Shifting cultivation,2020,3024
Indonesia,Sumatera Utara,Wildfire,2020,82
Indonesia,Sumatera Utara,Hard commodities,2021,323
Indonesia,Sumatera Utara,Logging,2021,2847
Indonesia,Sumatera Utara,Other natural disturbances,2021,306
Indonesia,Sumatera Utara,Permanent agriculture,2021,52430
Indonesia,Sumatera Utara,Settlements & Infrastructure,2021,241
Indonesia,Sumatera Utara,Shifting cultivation,2021,2953
Indonesia,Sumatera Utara,Wildfire,2021,72
Indonesia,Sumatera Utara,Hard commodities,2022,286
Indonesia,Sumatera Utara,Logging,2022,2871
Indonesia,Sumatera Utara,Other natural disturbances,2022,186
Indonesia,Sumatera Utara,Permanent agriculture,2022,42742
Indonesia,Sumatera Utara,Settlements & Infrastructure,2022,278
Indonesia,Sumatera Utara,Shifting cultivation,2022,2702
Indonesia,Sumatera Utara,Wildfire,2022,125
Indonesia,Sumatera Utara,Hard commodities,2023,255
Indonesia,Sumatera Utara,Logging,2023,5055
Indonesia,Sumatera Utara,Other natural disturbances,2023,156
Indonesia,Sumatera Utara,Permanent agriculture,2023,55858
Indonesia,Sumatera Utara,Settlements & Infrastructure,2023,183
Indonesia,Sumatera Utara,Shifting cultivation,2023,3663
Indonesia,Sumatera Utara,Wildfire,2023,159
Indonesia,Sumatera Utara,Hard commodities,2024,321
Indonesia,Sumatera Utara,Logging,2024,3667
Indonesia,Sumatera Utara,Other natural disturbances,2024,607
Indonesia,Sumatera Utara,Permanent agriculture,2024,56282
Indonesia,Sumatera Utara,Settlements & Infrastructure,2024,204
Indonesia,Sumatera Utara,Shifting cultivation,2024,2988
Indonesia,Sumatera Utara,Wildfire,2024,171
Indonesia,Sumatera Utara,Hard commodities,2025,455
Indonesia,Sumatera Utara,Logging,2025,5535
Indonesia,Sumatera Utara,Other natural disturbances,2025,536
Indonesia,Sumatera Utara,Permanent agriculture,2025,60816
Indonesia,Sumatera Utara,Settlements & Infrastructure,2025,177
Indonesia,Sumatera Utara,Shifting cultivation,2025,6030
Indonesia,Sumatera Utara,Wildfire,2025,1821
Indonesia,Yogyakarta,Logging,2001,0
Indonesia,Yogyakarta,Permanent agriculture,2001,51
Indonesia,Yogyakarta,Settlements & Infrastructure,2001,8
Indonesia,Yogyakarta,Shifting cultivation,2001,1
Indonesia,Yogyakarta,Permanent agriculture,2002,21
Indonesia,Yogyakarta,Settlements & Infrastructure,2002,3
Indonesia,Yogyakarta,Shifting cultivation,2002,0
Indonesia,Yogyakarta,Logging,2003,0
Indonesia,Yogyakarta,Permanent agriculture,2003,6
Indonesia,Yogyakarta,Settlements & Infrastructure,2003,1
Indonesia,Yogyakarta,Hard commodities,2004,0
Indonesia,Yogyakarta,Logging,2004,1
Indonesia,Yogyakarta,Other natural disturbances,2004,0
Indonesia,Yogyakarta,Permanent agriculture,2004,49
Indonesia,Yogyakarta,Settlements & Infrastructure,2004,5
Indonesia,Yogyakarta,Shifting cultivation,2004,1
Indonesia,Yogyakarta,Hard commodities,2005,0
Indonesia,Yogyakarta,Permanent agriculture,2005,8
Indonesia,Yogyakarta,Settlements & Infrastructure,2005,3
Indonesia,Yogyakarta,Hard commodities,2006,0
Indonesia,Yogyakarta,Other natural disturbances,2006,9
Indonesia,Yogyakarta,Permanent agriculture,2006,38
Indonesia,Yogyakarta,Settlements & Infrastructure,2006,5
Indonesia,Yogyakarta,Shifting cultivation,2006,1
Indonesia,Yogyakarta,Logging,2007,0
Indonesia,Yogyakarta,Other natural disturbances,2007,1
Indonesia,Yogyakarta,Permanent agriculture,2007,7
Indonesia,Yogyakarta,Settlements & Infrastructure,2007,4
Indonesia,Yogyakarta,Other natural disturbances,2008,0
Indonesia,Yogyakarta,Permanent agriculture,2008,18
Indonesia,Yogyakarta,Settlements & Infrastructure,2008,4
Indonesia,Yogyakarta,Logging,2009,0
Indonesia,Yogyakarta,Permanent agriculture,2009,15
Indonesia,Yogyakarta,Settlements & Infrastructure,2009,4
Indonesia,Yogyakarta,Hard commodities,2010,0
Indonesia,Yogyakarta,Other natural disturbances,2010,2
Indonesia,Yogyakarta,Permanent agriculture,2010,123
Indonesia,Yogyakarta,Settlements & Infrastructure,2010,8
Indonesia,Yogyakarta,Shifting cultivation,2010,0
Indonesia,Yogyakarta,Hard commodities,2011,0
Indonesia,Yogyakarta,Logging,2011,0
Indonesia,Yogyakarta,Other natural disturbances,2011,3
Indonesia,Yogyakarta,Permanent agriculture,2011,119
Indonesia,Yogyakarta,Settlements & Infrastructure,2011,14
Indonesia,Yogyakarta,Shifting cultivation,2011,23
Indonesia,Yogyakarta,Permanent agriculture,2012,33
Indonesia,Yogyakarta,Settlements & Infrastructure,2012,9
Indonesia,Yogyakarta,Shifting cultivation,2012,1
Indonesia,Yogyakarta,Logging,2013,0
Indonesia,Yogyakarta,Permanent agriculture,2013,18
Indonesia,Yogyakarta,Settlements & Infrastructure,2013,3
Indonesia,Yogyakarta,Shifting cultivation,2013,0
Indonesia,Yogyakarta,Logging,2014,1
Indonesia,Yogyakarta,Other natural disturbances,2014,1
Indonesia,Yogyakarta,Permanent agriculture,2014,35
Indonesia,Yogyakarta,Settlements & Infrastructure,2014,4
Indonesia,Yogyakarta,Shifting cultivation,2014,10
Indonesia,Yogyakarta,Permanent agriculture,2015,37
Indonesia,Yogyakarta,Settlements & Infrastructure,2015,1
Indonesia,Yogyakarta,Shifting cultivation,2015,2
Indonesia,Yogyakarta,Other natural disturbances,2016,0
Indonesia,Yogyakarta,Permanent agriculture,2016,46
Indonesia,Yogyakarta,Settlements & Infrastructure,2016,15
Indonesia,Yogyakarta,Shifting cultivation,2016,0
Indonesia,Yogyakarta,Hard commodities,2017,0
Indonesia,Yogyakarta,Logging,2017,0
Indonesia,Yogyakarta,Other natural disturbances,2017,3
Indonesia,Yogyakarta,Permanent agriculture,2017,67
Indonesia,Yogyakarta,Settlements & Infrastructure,2017,25
Indonesia,Yogyakarta,Shifting cultivation,2017,2
Indonesia,Yogyakarta,Hard commodities,2018,0
Indonesia,Yogyakarta,Logging,2018,1
Indonesia,Yogyakarta,Other natural disturbances,2018,2
Indonesia,Yogyakarta,Permanent agriculture,2018,49
Indonesia,Yogyakarta,Settlements & Infrastructure,2018,76
Indonesia,Yogyakarta,Shifting cultivation,2018,4
Indonesia,Yogyakarta,Hard commodities,2019,1
Indonesia,Yogyakarta,Logging,2019,1
Indonesia,Yogyakarta,Other natural disturbances,2019,0
Indonesia,Yogyakarta,Permanent agriculture,2019,29
Indonesia,Yogyakarta,Settlements & Infrastructure,2019,28
Indonesia,Yogyakarta,Shifting cultivation,2019,5
Indonesia,Yogyakarta,Logging,2020,0
Indonesia,Yogyakarta,Other natural disturbances,2020,1
Indonesia,Yogyakarta,Permanent agriculture,2020,28
Indonesia,Yogyakarta,Settlements & Infrastructure,2020,20
Indonesia,Yogyakarta,Shifting cultivation,2020,1
Indonesia,Yogyakarta,Hard commodities,2021,4
Indonesia,Yogyakarta,Other natural disturbances,2021,1
Indonesia,Yogyakarta,Permanent agriculture,2021,37
Indonesia,Yogyakarta,Settlements & Infrastructure,2021,26
Indonesia,Yogyakarta,Shifting cultivation,2021,0
Indonesia,Yogyakarta,Hard commodities,2022,1
Indonesia,Yogyakarta,Permanent agriculture,2022,17
Indonesia,Yogyakarta,Settlements & Infrastructure,2022,15
Indonesia,Yogyakarta,Hard commodities,2023,10
Indonesia,Yogyakarta,Other natural disturbances,2023,2
Indonesia,Yogyakarta,Permanent agriculture,2023,41
Indonesia,Yogyakarta,Settlements & Infrastructure,2023,49
Indonesia,Yogyakarta,Shifting cultivation,2023,3
Indonesia,Yogyakarta,Hard commodities,2024,20
Indonesia,Yogyakarta,Permanent agriculture,2024,52
Indonesia,Yogyakarta,Settlements & Infrastructure,2024,27
Indonesia,Yogyakarta,Shifting cultivation,2024,1
Indonesia,Yogyakarta,Hard commodities,2025,0
Indonesia,Yogyakarta,Permanent agriculture,2025,15
Indonesia,Yogyakarta,Settlements & Infrastructure,2025,13
Indonesia,Yogyakarta,Shifting cultivation,2025,0
